Timestamp,x,y,z,Distance,Speed,a,b,c,Angle Change,Angular Speed,Car Dist 1,Car Dist 2,Car Dist 3,Car Dist 4,Heart Rate
1662724470642,48.0,0.3,23.9,,,0.0,0.0,0.0,,,44.0853271611315,51.21001260397857,54.50944363073505,55.080674754770094,93.23363513449607
1662724471344,15.5,1.3,-16.7,0.0,0.0,21.0,128.3,358.7,0.0,0.0,10.371924504695182,13.638391861308595,24.003051579087032,29.519770019731922,94.61079207002304
1662724472342,15.5,1.5,-16.8,0.10000000000000142,0.10020040080160462,68.0,134.9,0.6,53.599999999999994,53.707414829659314,10.353809927510598,13.625195651949717,24.072869526321494,28.016170186584095,96.06701862576287
1662724473328,15.6,1.6,-16.8,0.09999999999999964,0.10141987829614568,79.9,70.7,268.8,76.10000000000001,77.18052738336715,10.452045055895647,13.723947744540446,24.144944077110303,25.772209142236296,97.51694090592804
1662724474328,15.7,1.9,-16.8,0.09999999999999964,0.09999999999999964,34.9,99.0,342.6,73.30000000000001,73.30000000000001,10.550393958794785,13.822929995018724,22.779428447589908,24.217209483167984,99.13400035637162
1662724475316,15.8,1.8,-16.9,0.141421356237309,0.14313902453168928,69.1,130.9,2.3,66.1,66.90283400809716,10.631848077503403,13.909882501639661,19.268149558113635,24.357146229814187,100.28058409350098
1662724476319,15.8,1.8,-16.9,0.0,0.0,42.2,116.6,353.7,41.2,41.07676969092723,10.631765969168063,13.909640791404168,17.192862087960943,20.467734507069334,100.6700821404059
1662724477333,15.8,1.9,-16.8,0.09999999999999787,0.09861932938855805,35.4,116.8,359.1,7.000000000000007,6.903353057199218,10.648660578824606,13.921085074308586,16.41936251729834,16.718332130828898,100.53433723703519
1662724478319,15.7,2.0,-16.8,0.10000000000000142,0.10141987829614749,11.0,120.0,0.6,27.6,27.99188640973631,10.550119646398263,13.821499333511191,14.519728289346531,16.63433428010277,100.19604143780148
1662724479319,15.7,2.0,-16.8,0.0,0.0,13.2,116.7,1.7,5.4999999999999964,5.4999999999999964,10.550027505928888,13.821174820531658,14.261620056537545,16.63226702980087,99.94896863831494
1662724480319,15.7,2.0,-16.8,0.0,0.0,11.1,117.1,1.9,2.499999999999991,2.499999999999991,10.549936460130816,13.820658790268597,14.259124687698648,16.629217094112263,99.94856419913695
1662724481318,15.7,2.0,-16.8,0.0,0.0,11.1,117.5,1.7,0.4000000000000057,0.4004004004004061,10.549550052821559,13.820337234805653,14.256717854683552,16.627189202404036,100.09709399445057
1662724482318,15.7,2.0,-16.8,0.0,0.0,10.3,117.6,1.5,0.8999999999999932,0.8999999999999932,10.549160328931487,13.820079059490713,14.253876117519898,16.6251386916201,100.27485678116177
1662724483329,15.7,2.0,-16.8,0.0,0.0,10.3,117.3,1.3,0.29999999999999716,0.2967359050445076,10.548773885824287,13.819569851507545,14.25236112803735,16.62310462687268,100.36166119793155
1662724484329,15.7,2.0,-16.8,0.0,0.0,13.0,117.4,1.9,2.800000000000008,2.800000000000008,10.54868264588702,13.819246032011238,14.248321407415874,16.621079273667842,100.23441633706335
1662724485326,15.7,2.0,-16.8,0.0,0.0,4.8,118.3,1.4,9.09999999999999,9.12738214643931,10.548748001243961,13.818924338939496,14.245172002169806,16.618029131443656,99.77668924840677
1662724486323,15.7,2.0,-16.8,0.0,0.0,4.6,140.1,2.8,21.999999999999996,22.06619859578736,10.548593092434917,13.818669865591135,14.242743400565613,16.61652714907134,98.86945484602917
1662724487323,15.7,2.0,-16.7,0.10000000000000142,0.10000000000000142,4.8,59.4,0.6,80.89999999999999,80.89999999999999,10.566472806754469,13.830489520730152,14.308900826211893,16.67091585878376,97.38827365532818
1662724488324,15.7,2.0,-16.6,0.09999999999999787,0.09990009990009778,3.4,65.0,359.0,7.000000000000002,6.993006993006995,10.585259154042108,13.843244943239783,14.374364051059747,16.725725070735894,95.2138112837943
1662724489322,15.7,2.0,-16.8,0.1999999999999993,0.2004008016032057,6.0,183.2,2.1,120.79999999999998,121.04208416833666,10.548319984012664,13.817403555760029,14.23363912857021,16.609336800384774,92.32357140920685
1662724490322,15.7,2.0,-16.8,0.0,0.0,5.5,281.9,3.3,99.19999999999999,99.19999999999999,10.547933918339753,13.81715229592787,14.23121901800525,16.60729697263185,88.8359039105811
1662724491322,15.6,1.9,-16.8,0.09999999999999964,0.09999999999999964,16.2,288.2,5.6,17.00000000000001,17.00000000000001,10.449098334844319,13.71748055008307,14.155835595309195,16.52215258034412,86.73958274679282
1662724492319,15.6,1.9,-16.8,0.0,0.0,16.5,310.2,2.4,22.3,22.367101303911735,10.448709625267135,13.717227405177752,14.153394863301955,16.521112826665156,87.1453509105783
1662724493319,12.8,2.0,-13.4,4.4045431091090474,4.4045431091090474,18.4,304.1,1.9,7.9999999999999645,7.9999999999999645,9.13672897231657,11.933418031388156,15.125523366330468,16.71264293685858,87.01736957270917
1662724494319,12.8,2.0,-13.4,0.0,0.0,22.0,304.4,2.4,3.899999999999956,3.899999999999956,9.136427210885877,11.932518788018157,15.123087377463769,16.710277803545367,85.72722536462938
1662724495320,12.8,1.9,-13.4,0.0,0.0,22.8,304.0,3.0,1.199999999999978,1.1988011988011769,9.136127947204876,11.93071332631071,15.119488710173437,16.705667093806486,82.9299264598987
1662724496320,12.8,1.9,-13.4,0.0,0.0,25.7,304.3,3.9,3.20000000000001,3.20000000000001,9.135831737210138,11.92981792029515,15.116817972587041,16.70291020383723,79.43556430092461
1662724497323,10.7,2.0,-11.3,2.9698484809835004,2.9609655842308085,12.1,255.6,350.0,62.30000000000002,62.11365902293123,9.101724185387553,11.25952414286097,16.163548139322955,16.80038349827288,77.8423794409908
1662724498321,10.7,1.9,-11.2,0.10000000000000142,0.10020040080160462,28.8,294.9,5.2,55.999999999999986,56.112224448897784,9.182107668129047,11.320688719885418,16.256035895363866,16.733749095235602,77.953206615665
1662724499322,10.7,2.0,-10.5,0.6999999999999993,0.6993006993006987,19.4,273.4,357.5,30.900000000000002,30.869130869130874,9.755839584150129,11.777326772864825,16.27542044450662,16.91423225712318,76.9914787745009
1662724500321,10.0,2.0,-9.8,0.9899494936611655,0.9909404340952608,4.0,267.1,356.9,21.699999999999953,21.721721721721675,9.998290638663391,11.768881592019875,15.289693824246159,17.378077537895987,75.34923153831087
1662724501322,9.5,2.0,-9.6,0.5385164807134508,0.5379785022112397,358.9,242.3,357.8,29.900000000000034,29.870129870129908,9.954674395284982,11.583531494829282,14.778423219407854,17.303876491406424,73.73153877144115
1662724502321,9.5,2.0,-9.6,0.0,0.0,358.8,233.8,9.8,8.599999999999966,8.608608608608575,9.952187397052338,11.580995776177605,14.778271399375134,17.301679778979477,72.85461900526838
1662724503322,9.5,2.0,-9.5,0.09999999999999964,0.09990009990009956,354.6,281.4,3.9,51.799999999999955,51.74825174825171,9.414717963260266,11.220118016511469,14.373344253067787,16.9400433530181,73.4266104783931
1662724504322,9.5,2.0,-9.6,0.09999999999999964,0.09999999999999964,346.6,254.8,359.4,34.599999999999966,34.599999999999966,7.506303997056493,9.915725176082109,13.480100526064186,16.142640803177894,76.138955148618
1662724505321,9.5,2.0,-9.6,0.0,0.0,340.2,236.5,1.5,24.700000000000045,24.72472472472477,5.004761895147734,8.3126265813631,12.211778524255019,14.341366953005332,80.38409840231725
1662724506322,9.6,2.0,-9.6,0.09999999999999964,0.09990009990009956,331.1,254.8,11.0,27.399999999999977,27.372627372627353,4.823666793211405,7.657077462670947,11.273090155601214,11.423592511220463,84.47698064751529
1662724507316,9.6,2.0,-9.5,0.09999999999999964,0.10060362173038194,355.1,4.6,4.3,133.8,134.60764587525154,7.4566645977895645,9.371653685672822,9.545014981360271,10.095939829456194,88.0885746215954
1662724508321,9.5,2.0,-9.6,0.141421356237309,0.14071776740030748,346.0,70.9,5.8,75.40000000000003,75.02487562189059,4.200845023941188,7.728440084384104,11.735720424929182,13.616682082509872,90.92954839028442
1662724509316,9.5,2.0,-9.4,0.1999999999999993,0.20100502512562743,6.2,311.0,4.4,140.09999999999997,140.80402010050247,7.074149200170059,8.49340443390021,8.82099958390569,11.430836464145614,92.27687167536696
1662724510319,9.5,2.0,-9.6,0.1999999999999993,0.19940179461615085,2.4,287.3,6.6,27.49999999999999,27.41774675972083,4.4786128692597345,8.256744249592876,12.026315220163479,12.901917745728355,91.4726219385273
1662724511319,9.5,2.0,-9.5,0.09999999999999964,0.09999999999999964,3.4,265.3,2.8,23.0,23.0,6.035795085391175,7.826013256499,11.293722634136055,11.32092239315176,88.56108424322508
1662724512319,9.5,2.0,-9.5,0.0,0.0,346.1,241.1,357.2,41.49999999999997,41.49999999999997,5.8882777210898745,9.693116541732564,10.982129043519631,11.443760031284958,84.80175817849553
1662724513319,9.4,1.9,-9.5,0.09999999999999964,0.09999999999999964,37.6,271.3,4.8,81.70000000000002,81.70000000000002,4.427810919527311,7.481668400174122,11.304449119817509,13.190071686880128,82.81233321761381
1662724514317,9.4,1.9,-9.5,0.0,0.0,48.6,268.4,3.2,13.900000000000034,13.92785571142288,7.093918485504889,8.992234234008716,9.357661512914913,11.271213310524434,84.34263271903069
1662724515318,8.3,1.9,-9.5,1.0999999999999996,1.0989010989010988,45.9,263.7,0.7,7.3999999999999915,7.392607392607385,3.008573010583315,6.781962617321369,10.885920612716417,12.430436638949594,86.6163259981489
1662724516317,8.4,2.0,-9.6,0.141421356237309,0.14156291915646546,6.3,191.3,1.1,111.99999999999997,112.11211211211209,6.875969161054813,7.227652037598178,8.742065371638114,10.198430689951543,87.68320742752404
1662724517317,8.4,2.0,-9.5,0.09999999999999964,0.09999999999999964,14.8,249.9,357.6,67.1,67.1,3.605095203359225,7.873154780237988,11.31271138807758,11.460088333853038,87.66831481123468
1662724518326,8.4,2.0,-9.4,0.09999999999999964,0.09910802775024743,10.8,319.3,8.7,73.4,72.74529236868187,5.107792068877452,6.601913549490191,10.45977221555026,11.577730517172478,86.86850047077895
1662724519324,8.4,2.0,-9.4,0.0,0.0,8.9,332.1,8.0,14.700000000000012,14.729458917835682,5.036130864786364,9.131458335073232,9.822132260805207,10.422826153624534,85.61138534051015
1662724520327,8.3,2.0,-9.5,0.141421356237309,0.14099836115384748,16.4,269.9,5.9,69.70000000000005,69.49152542372886,3.529763976434468,6.322980261378222,11.90444630419047,12.284772670351707,84.19138607932499
1662724521323,8.4,2.0,-9.4,0.141421356237309,0.1419893134912741,7.4,330.2,4.7,69.30000000000001,69.57831325301206,8.235375077893819,8.311243231964827,10.196161991034957,11.056068243234701,82.93252437042628
1662724522326,8.4,2.0,-9.5,0.09999999999999964,0.09970089730807542,3.8,198.3,359.1,135.49999999999997,135.09471585244265,6.973083739677433,11.179280712256439,13.04000664544566,13.749439168395188,82.12634000005383
1662724523326,8.4,2.0,-9.5,0.0,0.0,356.0,235.6,10.2,45.099999999999994,45.099999999999994,7.134334174616324,13.792128597561746,13.953909213583856,18.822403289432835,82.08950793502925
1662724524328,8.4,2.0,-9.5,0.0,0.0,0.6,261.8,6.3,30.80000000000004,30.738522954091856,10.84196735066538,11.205572255921387,16.05438625726784,17.906212949241592,82.95327134358385
1662724525327,8.4,2.0,-9.6,0.09999999999999964,0.10010010010009975,357.9,212.1,5.2,52.40000000000006,52.45245245245251,3.5018320637876097,16.56912546498824,19.821005727407517,20.772029525566477,84.56959495073498
1662724526325,8.3,2.0,-9.4,0.22360679774997816,0.22405490756510837,2.4,269.9,356.0,62.29999999999998,62.42484969939878,7.357841227277185,16.0887944216946,21.87583880875295,22.08535386402798,86.76830640316976
1662724527325,8.4,2.0,-9.5,0.141421356237309,0.141421356237309,9.4,243.9,6.2,32.99999999999997,32.99999999999997,13.835888601668927,15.064960095824523,15.758076625292311,18.235855863951635,89.20197712229893
1662724528326,8.3,2.0,-9.5,0.09999999999999964,0.09990009990009956,6.4,240.2,358.1,6.700000000000017,6.693306693306711,11.09318937935655,13.53609933085391,13.779322989663132,19.366048117795927,91.21864948131997
1662724529325,8.1,1.9,-9.5,0.20000000000000107,0.20020020020020127,4.9,234.3,334.1,7.399999999999977,7.407407407407384,9.425656205608888,11.322588234981737,16.5733727132167,16.884526536587288,92.14285356219875
1662724530324,7.9,1.9,-9.4,0.22360679774997816,0.22383062837835652,2.7,224.7,332.1,11.800000000000022,11.811811811811834,9.484896573278924,10.891521808543319,15.888504173886613,21.318782353698417,91.63035807541483
1662724531325,8.3,2.0,-9.6,0.4472135954999579,0.4467668286712867,6.9,272.0,10.7,51.500000000000014,51.44855144855147,9.401845973630115,10.95535012115939,16.362196419936915,20.537025530141698,89.8339430996048
1662724532325,8.3,2.0,-9.5,0.09999999999999964,0.09999999999999964,2.5,273.5,5.8,5.9,5.9,9.494649456378768,11.031751772614834,16.04451250294517,16.294936125828663,86.94252937995715
1662724533324,8.3,2.0,-9.4,0.09999999999999964,0.10010010010009975,2.6,276.2,6.1,2.7999999999999887,2.8028028028027916,9.585486666530462,11.111058750665777,14.05221742413871,16.238746464312705,82.08621071795761
1662724534324,8.3,2.0,-9.5,0.09999999999999964,0.09999999999999964,0.2,276.5,6.1,2.7000000000000113,2.7000000000000113,9.48834426435984,11.02716881762553,13.667924788692321,16.294708902176467,76.51701571390088
1662724535323,8.0,1.9,-9.4,0.3162277660168385,0.3165443103271657,22.0,265.8,3.7,32.499999999999986,32.53253253253252,9.492957318841981,10.937528916174411,13.455953528172724,15.990344377653564,74.22195930805759
1662724536322,7.0,1.9,-9.2,1.0198039027185573,1.0208247274460032,23.6,267.7,3.4,3.4999999999999787,3.5035035035034823,9.455816241164671,10.591861604870004,12.581084319111222,15.061576200676432,74.29837208558928
1662724537322,6.0,1.8,-9.0,1.0198039027185568,1.0198039027185568,29.1,268.8,2.8,6.600000000000023,6.600000000000023,9.528276879262261,10.33727722460142,11.758871249403606,14.146550735721998,75.37550833780955
1662724538321,5.1,1.8,-9.1,0.905538513813742,0.9064449587725145,18.3,264.7,3.8,14.900000000000023,14.914914914914938,9.408185844318595,9.923097169068704,11.259874540220327,13.517072709917983,76.50731420879225
1662724539319,4.1,1.8,-9.0,1.004987562112089,1.0070015652425741,6.1,268.0,3.2,15.500000000000012,15.531062124248509,9.582014120887411,9.749521651419458,10.594587792949936,12.710682642057584,77.43603944122484
1662724540318,3.1,1.8,-9.1,1.0049875621120885,1.0059935556677562,9.5,266.9,3.0,4.500000000000023,4.504504504504528,9.479451901743138,9.66254818263587,10.158838913640624,12.080799986766623,77.96722763722738
1662724541317,2.1,1.8,-9.1,1.0,1.001001001001001,9.9,266.5,3.1,0.7999999999999776,0.8008008008007784,9.41019144518109,9.716419713853059,9.939031192674383,11.425732556473626,77.90616533323211
1662724542316,1.2,1.8,-8.8,0.9486832980505137,0.9496329309814951,9.2,296.0,8.5,30.200000000000003,30.230230230230234,9.108180822884883,9.735430527806809,10.539421069510427,10.636792811421017,77.2505320025624
1662724543316,0.4,1.8,-9.4,0.9999999999999998,0.9999999999999998,2.4,216.5,351.7,86.3,86.3,9.237315871987493,9.459958162011764,10.345947768621105,10.694650459234424,76.30658210090459
1662724544318,-0.2,1.9,-9.3,0.608276253029822,0.6070621287722775,359.6,290.7,9.4,76.99999999999994,76.84630738522948,9.239547164062696,9.451322396096177,10.3093608760367,10.727598617940604,75.40964375845924
1662724545318,-1.1,1.8,-9.0,0.9486832980505142,0.9486832980505142,10.6,267.8,0.9,33.89999999999998,33.89999999999998,8.82816047659171,9.640510482939824,9.98030942484837,11.464056203891161,74.90026672867462
1662724546318,-2.0,1.8,-8.6,0.9848857801796105,0.9848857801796105,3.5,294.3,4.2,33.6,33.6,8.403930972778232,8.925826131800216,10.658806256246779,12.308578649440944,75.11042535964779
1662724547318,-3.0,1.9,-8.5,1.004987562112089,1.004987562112089,354.4,291.1,4.2,12.300000000000011,12.300000000000011,8.38969994150978,8.53246514633553,11.15692317767451,13.005097211511236,76.3700364480896
1662724548317,-3.8,1.8,-8.8,0.8544003745317532,0.8552556301619151,7.1,196.2,349.5,107.60000000000008,107.70770770770778,8.669997971109513,8.832381244054217,11.274361502985863,13.309678998783028,78.98074691841127
1662724549318,-4.4,1.9,-8.8,0.6000000000000005,0.5994005994006,353.9,298.5,8.7,115.50000000000006,115.38461538461546,8.600091570439039,8.986554130642162,11.590144235871165,13.72601543334632,81.62406809157415
1662724550317,-5.4,1.8,-8.7,1.0049875621120892,1.0059935556677568,29.2,262.7,1.6,71.10000000000002,71.1711711711712,8.47791521024465,9.234287017325329,12.244935117597029,14.51784392600704,82.08765093379523
1662724551317,-6.3,1.8,-8.4,0.9486832980505129,0.9486832980505129,3.5,297.9,7.3,60.89999999999999,60.89999999999999,8.260580249746232,9.35755211227108,13.03491702258056,15.388537091535078,80.84368398089067
1662724552316,-6.9,1.9,-9.2,0.9999999999999994,1.0010010010010004,8.7,219.5,359.7,83.59999999999998,83.68368368368367,10.346913275458814,16.762134968651633,17.42613923968488,19.41872380251375,78.62675751908878
1662724563704,15.7,2.0,-16.8,0.0,0.0,357.0,124.2,6.6,0.0,0.0,,,,,81.11168092947462
1662724564718,15.7,2.0,-16.8,0.0,0.0,6.5,101.0,0.3,32.7,32.248520710059175,125.48720259660908,127.42219339716351,,,82.34833939956482
1662724565716,15.7,2.0,-16.8,0.0,0.0,8.3,235.3,3.9,136.10000000000002,136.372745490982,125.44096994488196,127.41548214955714,,,84.12097649272592
1662724566721,15.6,2.0,-16.8,0.09999999999999964,0.09950248756218871,9.7,329.5,5.8,95.6,95.12437810945273,125.37832105381425,127.4325739028044,,,85.70063339782142
1662724567716,15.1,2.0,-16.4,0.6403124237432862,0.6435300741138555,14.9,309.7,1.8,25.000000000000014,25.125628140703533,125.72013124051259,127.11192714357357,,,86.37935043430157
1662724568719,14.6,2.0,-15.6,0.9433981132056595,0.9405763840534991,1.8,298.0,358.9,24.79999999999999,24.725822532402784,126.26711904685796,126.48409063183485,,,86.13843550248346
1662724569717,13.9,2.0,-14.9,0.9899494936611655,0.9919333603819294,2.6,331.3,7.0,34.10000000000001,34.1683366733467,125.79929289650553,125.88408084527518,,,85.30881656190535
1662724570720,13.1,2.0,-14.5,0.8944271909999166,0.8917519351943337,2.4,240.1,356.3,91.40000000000002,91.12662013958129,122.88976529558026,123.58475948874342,,,84.22068283673865
1662724571721,12.4,2.0,-13.9,0.921954445729288,0.9210334123169711,2.5,293.2,358.4,53.199999999999996,53.14685314685315,117.71017376102378,118.11018381909594,,,83.21859539342103
1662724572722,11.7,2.0,-13.2,0.989949493661168,0.9889605331280401,2.9,293.5,359.9,0.7000000000000113,0.6993006993007106,110.81629007078973,111.35389277907714,,,82.60338245852417
1662724573721,10.9,2.0,-12.6,0.999999999999999,1.001001001001,4.8,249.3,0.2,46.09999999999999,46.14614614614614,102.81250965681978,104.0541143675326,,,82.34228246317886
1662724574710,10.1,2.0,-12.1,0.943398113205661,0.9538909132514267,4.2,276.4,5.0,27.699999999999967,28.0080889787664,94.36699320427124,95.89030590783679,,,82.21606597289625
1662724575710,9.4,2.0,-11.3,1.0630145812734637,1.0630145812734637,5.0,276.2,4.3,0.9999999999999885,0.9999999999999885,85.46512865475594,87.4852579364047,,,82.00283351676276
1662724576709,8.7,2.0,-10.6,0.989949493661168,0.9909404340952633,5.4,276.4,4.4,0.599999999999989,0.6006006006005896,76.68077869220781,78.98263116340935,,,81.48355465955316
1662724577710,7.9,1.9,-10.0,0.999999999999999,0.9990009990009981,28.0,273.3,2.9,25.699999999999967,25.674325674325644,67.98548251361055,70.36640395090379,,,80.43446837958996
1662724578709,7.0,2.0,-9.8,0.9219544457292889,0.9228773230523412,10.7,275.0,3.3,18.99999999999999,19.01901901901901,59.656153469077644,61.34176851131106,,,78.69605563220381
1662724579736,6.2,1.8,-10.2,0.8944271909999151,0.8709125520933936,1.3,200.0,353.4,84.4,82.18111002921131,51.544107267588764,51.78442188514413,,,76.6240789563135
1662724580714,5.4,1.8,-9.8,0.8944271909999151,0.9145472300612629,2.1,278.8,5.1,79.60000000000001,81.39059304703477,42.91230368440132,43.45074451202062,133.54566299746463,,75.11180228813467
1662724581721,4.5,1.8,-9.5,0.9486832980505143,0.942088677309349,12.1,269.8,1.7,19.0,18.867924528301888,33.85068650972177,34.92148269303168,133.9157406764307,,74.7737490284576
1662724582721,3.6,1.8,-9.4,0.9055385138137415,0.9055385138137415,11.4,269.1,2.9,1.399999999999988,1.399999999999988,24.73370388572802,26.731578651657067,133.98688431855,,76.24132371356738
1662724583721,2.6,1.8,-9.3,1.004987562112089,1.004987562112089,9.1,266.7,2.1,4.700000000000035,4.700000000000035,16.780038746083946,18.704229800988603,133.94746955609128,,78.49081937053492
1662724584734,1.7,1.8,-9.7,0.98488578017961,0.9722465747084009,6.1,217.5,353.7,52.19999999999999,51.530108588351425,11.506894216126794,13.508825752906716,133.28375962142914,,79.7716631358762
1662724585718,0.8,1.8,-9.2,1.0295630140987,1.046303876116565,1.9,278.8,4.2,65.50000000000001,66.56504065040652,9.681978747717427,10.082707664013624,133.22372766313103,,79.72385870025923
1662724586714,-0.1,1.9,-9.1,0.9055385138137416,0.9091752146724313,358.2,298.3,359.3,23.19999999999999,23.29317269076304,9.095293292565923,9.651971012051737,131.97966903561246,,78.82571203083515
1662724587720,-1.1,1.8,-9.5,1.077032961426901,1.070609305593341,20.4,270.2,2.5,50.30000000000001,50.000000000000014,9.359492476029555,9.538971194180139,128.04295121733807,,77.51454982052415
1662724588719,-2.0,1.9,-9.4,0.9055385138137415,0.9064449587725141,356.3,296.4,9.8,50.299999999999955,50.350350350350304,9.23380657595373,9.957839907485676,122.63770058290581,,76.2743325223543
1662724589718,-3.0,1.9,-9.2,1.0198039027185573,1.0208247274460032,350.0,303.6,2.6,13.500000000000057,13.51351351351357,9.110379743661605,10.574782064085475,116.28825830666644,,75.52226695976185
1662724590715,-3.9,1.9,-8.8,0.9848857801796098,0.9878493281641021,348.6,313.5,358.5,11.299999999999955,11.33400200601801,8.879975197920306,11.36641345184719,109.32764781123912,,75.33629536262247
1662724591718,-4.8,1.8,-9.2,0.9848857801796098,0.9819399602987138,20.6,272.2,6.1,73.30000000000001,73.08075772681956,9.51342114237997,11.530810607947837,100.74683156440453,,75.60089635406287
1662724592719,-5.8,1.8,-9.2,1.0,0.9990009990009991,16.8,274.1,2.6,5.700000000000035,5.694305694305729,9.873308048559544,12.146131229738664,92.22795134641622,,76.19698453668732
1662724593720,-6.7,1.8,-9.0,0.9219544457292889,0.921033412316972,10.7,275.1,3.1,7.100000000000001,7.092907092907095,10.095897351001106,12.888534123267357,83.92201344003422,,77.0050383922905
1662724607798,48.4,0.3,23.7,0.0,0.0,0.0,0.0,0.0,0.0,0.0,50.0418495431161,50.45747998178898,50.84144565250975,53.40930372048994,107.78940758973418
1662724608500,14.7,1.8,-13.0,0.0,0.0,0.5,219.6,359.2,0.0,0.0,17.54875259820557,19.982400447319048,24.978184312850942,25.183632619416066,110.04839870963212
1662724609485,14.7,1.8,-13.0,0.0,0.0,0.5,219.6,359.2,0.0,0.0,15.531303779748795,18.375024434069886,23.580367977920655,23.59790740406183,111.38531169685554
1662724610471,14.7,1.8,-13.0,0.0,0.0,0.5,219.6,359.2,0.0,0.0,12.539398405601814,15.997073120338513,21.11186354114143,21.190381798474544,110.74418322725134
1662724611470,14.7,1.8,-13.0,0.0,0.0,0.5,219.6,359.2,0.0,0.0,9.754542698605075,13.572087067414635,17.731324093741467,18.458376599805547,108.58295819387524
1662724612473,14.7,1.8,-13.0,0.0,0.0,0.5,219.6,359.2,0.0,0.0,10.411093541527388,12.792343939863839,13.698242804906902,16.528332819386502,105.43101804054193
1662724613484,14.7,1.8,-13.0,0.0,0.0,0.4,219.6,359.3,0.09999999999999998,0.09891196834817012,10.025274513941785,14.221402003025911,15.535226213122883,16.234569348027886,102.21278069761547
1662724614483,14.7,1.8,-13.0,0.0,0.0,0.4,219.6,359.3,0.0,0.0,10.061154007729431,12.673502138067713,16.98941365464911,19.808167848200625,100.2771113634805
1662724615483,14.7,1.8,-13.0,0.0,0.0,0.4,219.6,359.3,0.0,0.0,14.555759485603263,15.00491736744524,16.51124901345386,19.688176930696535,99.08987370924527
1662724616469,14.7,1.8,-13.0,0.0,0.0,0.4,219.6,359.3,0.0,0.0,17.77776189490043,18.398845483673256,19.237969359709414,21.106622938075244,96.4655729224837
1662724617483,14.7,1.8,-13.0,0.0,0.0,0.4,219.6,359.3,0.0,0.0,16.386959581686952,18.013937529054008,19.70340560857323,22.143842707613988,92.90671433526592
1662724618481,14.7,1.8,-13.0,0.0,0.0,0.3,219.6,359.3,0.10000000000000003,0.10020040080160324,13.651338158607201,17.392869551652065,18.653341662892704,20.493171492241625,92.20084293767081
1662724619483,14.7,1.8,-13.0,0.0,0.0,0.3,219.6,359.3,0.0,0.0,13.053443304214378,16.575334302052966,20.47451058362587,23.724664700369217,94.61438027856605
1662724620495,14.7,1.8,-13.0,0.0,0.0,0.3,219.6,359.3,0.0,0.0,16.62716826240829,16.771238836653612,19.518776355056218,19.986305362666613,96.89108563079112
1662724621480,14.7,1.8,-13.0,0.0,0.0,0.3,219.6,359.3,0.0,0.0,14.02711266460612,17.17694327063264,19.20119395013839,22.466904811045755,96.99578505345208
1662724622480,14.7,1.8,-13.0,0.0,0.0,0.3,219.6,359.3,0.0,0.0,10.093829980280825,16.390482695001204,23.119498634183046,29.23625775752138,94.48566425556423
1662724623494,14.7,1.8,-13.0,0.0,0.0,0.3,219.6,359.3,0.0,0.0,9.810124304222562,17.95456992957005,28.333099125971682,36.436779199655426,88.97884535296895
1662724624480,14.7,1.8,-13.0,0.0,0.0,0.3,219.6,359.3,0.0,0.0,13.418244757927638,21.432641709386576,33.81849162486557,42.97789911101722,83.99410855051097
1662724625479,14.7,1.8,-13.0,0.0,0.0,0.3,219.6,359.3,0.0,0.0,18.7916270381191,26.02646568955519,35.1100473473818,35.432483874108485,82.29056914058934
1662724626493,14.7,1.8,-13.0,0.0,0.0,0.3,219.6,359.4,0.0,0.0,24.810629684629802,26.741252152997166,27.968903958911934,31.494327515674797,82.84302626090522
1662724627492,14.7,1.8,-13.0,0.0,0.0,0.3,219.6,359.4,0.0,0.0,19.164749679385878,20.797157853337307,30.108539560616407,31.100989837017167,84.28723225356394
1662724628492,14.7,1.8,-13.0,0.0,0.0,0.3,219.6,359.4,0.0,0.0,14.273988603386664,14.456195237532558,28.390396383990257,32.6398719315879,85.28712790429422
1662724629479,14.7,1.8,-13.0,0.0,0.0,0.3,219.6,359.4,0.0,0.0,10.499259184527043,12.96019699612617,27.95571603638661,28.321956384762085,84.53354057795184
1662724630478,14.7,1.8,-13.0,0.0,0.0,0.3,219.6,359.4,0.0,0.0,9.432670627940144,12.699560532705927,26.147716562004124,27.951453620179716,80.90914467371226
1662724631475,14.7,1.8,-13.0,0.0,0.0,0.3,219.6,359.4,0.0,0.0,9.344040083872931,12.692982175098363,25.710749280285153,27.952436544013153,78.53567446605211
1662724632479,14.7,1.8,-13.0,0.0,0.0,0.3,219.6,359.4,0.0,0.0,9.343610628195647,12.6931066728386,21.74281567023699,25.707821799467084,79.69299762390274
1662724633489,14.7,1.8,-13.0,0.0,0.0,0.3,219.6,359.4,0.0,0.0,9.34363511141691,12.693088065828045,15.867559275232166,25.70632044403185,81.6699979740778
1662724634474,14.7,1.8,-13.0,0.0,0.0,0.3,219.6,359.4,0.0,0.0,9.343510084321617,12.693030854098525,13.068619261408776,25.70309779848593,84.42719904128462
1662724635474,14.7,1.8,-13.0,0.0,0.0,0.3,219.6,359.4,0.0,0.0,9.343447593965877,12.128840650794068,12.693044342264697,25.700928484740423,87.1912479593301
1662724636488,14.7,1.8,-13.0,0.0,0.0,0.3,219.6,359.4,0.0,0.0,9.343373820680299,12.16498116963984,12.693050296167996,25.698369766457823,88.76803815063087
1662724637487,14.7,1.8,-13.0,0.0,0.0,0.3,219.6,359.4,0.0,0.0,9.343280972942633,12.14306516128811,12.693071766098514,20.018572711670284,88.84861401621421
1662724638473,14.7,1.8,-13.0,0.0,0.0,0.3,219.6,359.4,0.0,0.0,9.343199899116643,12.146794485356041,12.693011248699417,16.74722171478299,87.69998485055906
1662724639472,14.7,1.8,-13.0,0.0,0.0,0.3,219.6,359.4,0.0,0.0,9.343076019194362,12.143412866696217,12.69303122575219,15.46568732092009,85.94161684049047
1662724640487,14.7,1.8,-13.0,0.0,0.0,0.3,219.6,359.4,0.0,0.0,9.343022104071514,12.140791968295343,12.693052014603841,15.26061026723502,84.21686715253682
1662724641485,14.7,1.8,-13.0,0.0,0.0,0.2,219.6,359.4,0.09999999999999998,0.10020040080160318,9.342957200478713,12.13787862973748,12.693073471888871,15.266999314066892,82.7627094062343
1662724642484,14.7,1.8,-13.0,0.0,0.0,0.2,219.6,359.4,0.0,0.0,9.342836522719594,12.135660180991447,12.69302809399578,15.265252181522529,81.23733238073227
1662724643484,14.7,1.8,-13.0,0.0,0.0,0.3,219.6,359.4,0.09999999999999998,0.09999999999999998,9.342786199224953,12.134480763585884,12.693033198201922,15.266134370334386,79.76626067295393
1662724644498,14.7,1.8,-13.0,0.0,0.0,0.2,219.6,359.4,0.09999999999999998,0.09861932938856013,9.342678310541256,12.132589249203972,12.69303397135356,15.266408565504639,78.95132850907103
1662724645483,14.7,1.8,-13.0,0.0,0.0,0.3,219.6,359.4,0.09999999999999998,0.1015228426395939,9.342657355553989,12.130900634722995,12.692973520631956,15.26674639796071,79.40054897522461
1662724646483,14.7,1.8,-13.0,0.0,0.0,0.2,219.6,359.4,0.09999999999999998,0.09999999999999998,9.342568212310175,12.129266991689436,12.692927604015255,15.266761885693114,80.9975040678157
1662724647483,14.7,1.8,-13.0,0.0,0.0,0.2,219.6,359.4,0.0,0.0,9.342433834831544,12.126746537219233,12.692947332876184,15.267196914913304,82.91176020592502
1662724648482,14.7,1.8,-13.0,0.0,0.0,0.2,219.6,359.4,0.0,0.0,9.342346457810315,12.123360391391858,12.692968466950155,15.267549340498283,84.45680896979007
1662724649481,14.7,1.8,-13.0,0.0,0.0,0.2,219.6,359.4,0.0,0.0,9.342289861059237,12.12181268778037,12.692988350438974,15.267933668562543,85.1427678766571
1662724650466,14.7,1.8,-13.0,0.0,0.0,0.3,219.6,359.4,0.09999999999999998,0.1015228426395939,9.342200952133151,12.119263316240794,12.693011315798149,15.268307037327103,84.53498632918367
1662724651481,14.7,1.8,-13.0,0.0,0.0,0.2,219.6,359.4,0.09999999999999998,0.09852216748768472,9.342111735890377,12.1174748928014,12.692950440607826,15.26872893515729,82.88120202558535
1662724652480,14.7,1.8,-13.0,0.0,0.0,0.2,219.6,359.4,0.0,0.0,9.342034431254435,12.116007153707395,12.692970027523241,15.268946714824837,81.32099198921908
1662724653466,14.7,1.8,-13.0,0.0,0.0,0.2,219.6,359.4,0.0,0.0,9.341937673677625,12.115620610632217,12.692917463726111,15.26939567040125,80.28036189675628
1662724654479,14.7,1.8,-13.0,0.0,0.0,0.2,219.6,359.4,0.0,0.0,9.341863990097686,12.109805295746076,12.692900128708281,15.268166125626957,79.44398251400717
1662724655479,14.7,1.8,-13.0,0.0,0.0,0.2,219.6,359.4,0.0,0.0,9.341871537634395,12.119677371144137,12.69289465482873,15.275051460727353,78.54002528150944
1662724656467,14.7,1.8,-13.0,0.0,0.0,0.2,219.6,359.4,0.0,0.0,9.343564069062996,12.064092368713233,12.687988645241385,15.197756881158735,77.44400609545708
1662724657478,14.7,1.8,-13.0,0.0,0.0,0.2,219.6,359.4,0.0,0.0,9.48019151392371,11.625518673680657,12.758590009217947,14.69631399977465,76.17767021676562
1662724658478,14.7,1.8,-13.0,0.0,0.0,0.2,219.6,359.4,0.0,0.0,10.116861169467395,10.676966440599985,13.158900594021274,13.961921231478303,74.8539254518759
1662724659477,14.7,1.8,-13.0,0.0,0.0,0.2,219.6,359.4,0.0,0.0,9.7050034366933,11.776140877768885,13.186113131146822,14.302515807675523,73.53347036745338
1662724660492,14.7,1.8,-13.0,0.0,0.0,0.2,219.6,359.4,0.0,0.0,9.359282294907986,12.698841938043527,13.346899993132578,14.694923489798605,72.26835312723122
1662724661491,14.7,1.8,-13.0,0.0,0.0,0.2,219.6,359.4,0.0,0.0,10.410668431334528,11.187887512634532,13.074563882805327,14.98872199903376,71.17173477247277
1662724662478,14.7,1.8,-13.0,0.0,0.0,0.2,219.6,359.4,0.0,0.0,9.675117081175202,13.077764937123796,13.349354104267737,14.752239338719646,70.30412475399788
1662724663490,14.7,1.8,-13.0,0.0,0.0,0.2,219.6,359.4,0.0,0.0,9.660613685693939,12.683221785316434,13.277128913661054,17.006307840067482,69.71059958063361
1662724664478,14.7,1.8,-13.0,0.0,0.0,0.2,219.6,359.4,0.0,0.0,10.71502453767288,11.883654934011036,13.517714349674169,14.597152878965133,69.49167824677976
1662724665490,14.7,1.8,-13.0,0.0,0.0,0.2,219.6,359.4,0.0,0.0,9.364939052601068,13.008197934268804,15.956701091604044,16.39290653150412,69.71041354891395
1662724666475,14.7,1.8,-13.0,0.0,0.0,0.2,219.6,359.4,0.0,0.0,10.390108895863182,12.872539450935784,16.673122389278735,17.2989338071964,70.42479546299185
1662724667463,14.7,1.8,-13.0,0.0,0.0,0.2,219.6,359.4,0.0,0.0,13.901073939327295,14.211426145909119,14.923908322062879,16.595608117028615,71.70865147193737
1662724668474,14.7,1.8,-13.0,0.0,0.0,0.2,219.6,359.4,0.0,0.0,12.73471883286687,17.478881683106238,18.664545746834737,18.937346620370935,73.68344432631234
1662724669476,14.7,1.8,-13.0,0.0,0.0,0.2,219.6,359.4,0.0,0.0,13.878961257853312,15.927949286294897,16.374982062375533,19.808968393961933,76.34622957870405
1662724670474,14.7,1.8,-13.0,0.0,0.0,0.2,219.6,359.4,0.0,0.0,13.161502531747571,17.33966065155149,17.589215603592095,18.517132558526065,79.0388294898965
1662724671473,14.7,1.8,-13.0,0.0,0.0,0.2,219.6,359.4,0.0,0.0,13.002766806745713,16.6185918853308,17.50768402808136,19.705273073570307,80.4064785422286
1662724672487,14.7,1.8,-13.0,0.0,0.0,0.2,219.6,359.4,0.0,0.0,11.43604179241411,15.693227553742137,16.794755168302416,19.66204506318336,80.07307361832518
1662724673473,14.7,1.8,-13.0,0.0,0.0,0.2,219.6,359.4,0.0,0.0,9.45475006490989,17.05835567478185,19.20617501352528,19.842432088237494,78.83829761224888
1662724674487,14.7,1.8,-13.0,0.0,0.0,0.2,219.6,359.4,0.0,0.0,13.339775389111152,16.447958986212168,20.214454877724506,21.135481949577343,77.4656626311513
1662724675472,14.7,1.8,-13.0,0.0,0.0,0.2,219.6,359.4,0.0,0.0,18.006223759785403,18.086381094845915,19.841651295145457,20.211621674492072,76.81311304107673
1662724676485,14.7,1.8,-13.0,0.0,0.0,0.2,219.6,359.4,0.0,0.0,16.426626160446293,19.84681637336935,21.559121820847754,23.769073035678453,77.08420814902459
1662724677485,14.7,1.8,-13.0,0.0,0.0,0.2,219.6,359.4,0.0,0.0,17.20744213862632,20.82726181933072,21.768206575914064,22.895932587839493,77.9358161236608
1662724678484,14.7,1.8,-13.0,0.0,0.0,0.2,219.6,359.4,0.0,0.0,18.128443476456578,19.646816367734566,19.696421762983686,20.08589379151842,78.98654771605767
1662724679471,14.7,1.8,-13.0,0.0,0.0,0.2,219.6,359.4,0.0,0.0,13.976197340785433,16.376173047629504,17.601831081626592,20.840648498459597,79.85178002066645
1662724680484,14.7,1.8,-13.0,0.0,0.0,0.2,219.6,359.4,0.0,0.0,9.958902684075223,13.833131847946218,17.90656125445217,19.826257214531708,80.17789897085477
1662724681498,14.7,1.8,-13.0,0.0,0.0,0.2,219.6,359.4,0.0,0.0,10.024147223223045,12.734230670950803,20.258531513744018,21.6719734130979,79.55905700014873
1662724682483,14.7,1.8,-13.0,0.0,0.0,0.2,219.7,359.4,0.09999999999999432,0.10152284263958813,14.11395963859227,14.906847828426905,18.376702199344255,22.840437023688914,78.04209746018537
1662724683497,14.7,1.8,-13.0,0.0,0.0,0.2,219.7,359.4,0.0,0.0,11.80107849175622,19.276054668332545,19.87882470430385,22.675071503527374,75.90955477196583
1662724684483,14.7,1.8,-13.0,0.0,0.0,0.2,219.7,359.4,0.0,0.0,9.506441282671458,17.166193275069418,24.451728516201385,24.70089320591247,73.83818999732311
1662724685483,14.7,1.8,-13.0,0.0,0.0,0.2,219.7,359.4,0.0,0.0,13.762446590252935,13.794115480591655,21.09216922298854,30.626161917590018,72.47801121070641
1662724686469,14.7,1.8,-13.0,0.0,0.0,0.2,219.7,359.4,0.0,0.0,12.800114068256347,19.706695501649033,20.786337911233737,27.02553630762085,72.21316282618614
1662724687482,14.7,1.8,-13.0,0.0,0.0,0.2,219.7,359.4,0.0,0.0,12.704700040411067,19.678861861051182,20.73889081554232,28.14051084271063,72.9964051515788
1662724688467,14.7,1.8,-13.0,0.0,0.0,0.2,219.7,359.4,0.0,0.0,12.703124638017785,13.56308668343906,23.7986928916194,27.865881043255754,74.70871540444547
1662724689481,14.7,1.8,-13.0,0.0,0.0,0.2,219.7,359.4,0.0,0.0,10.190648884849427,12.703289635885287,26.286710371913333,27.87722062124338,77.36555161741738
1662724690481,14.7,1.8,-13.0,0.0,0.0,0.2,219.7,359.4,0.0,0.0,9.426470782530693,12.7031804466349,25.653141895250336,27.871559524735883,80.56605095451106
1662724691480,14.7,1.8,-13.0,0.0,0.0,0.2,219.7,359.4,0.0,0.0,9.367824909958713,12.703140917023974,25.6487931082029,27.87101576994417,82.8246143021622
1662724692482,14.7,1.8,-13.0,0.0,0.0,0.2,219.7,359.4,0.0,0.0,9.369852459536196,12.703089882857432,25.64602770271987,27.86885041265925,83.0915083119224
1662724693479,14.7,1.8,-13.0,0.0,0.0,0.2,219.7,359.4,0.0,0.0,9.369168453746013,12.703040878249661,25.643654923447016,27.86533810041654,81.95114149278861
1662724694479,14.7,1.8,-13.0,0.0,0.0,0.2,219.7,359.4,0.0,0.0,9.369273500500096,12.702960071547178,25.64250618253626,27.859412682192193,80.06065780932869
1662724695478,14.7,1.8,-13.0,0.0,0.0,0.2,219.7,359.4,0.0,0.0,9.369176311041652,12.70292191538195,23.891514609449587,25.639504620480572,78.07459510121116
1662724696478,14.7,1.8,-13.0,0.0,0.0,0.2,219.7,359.4,0.0,0.0,9.36911873075625,12.702898262419197,18.710264420972955,25.635711119005645,76.32806833567489
1662724697477,14.7,1.8,-13.0,0.0,0.0,0.2,219.7,359.4,0.0,0.0,9.369061830538147,12.70284704692867,15.97907016802463,19.747169105145677,74.83423592713514
1662724698491,14.7,1.8,-13.0,0.0,0.0,0.2,219.7,359.4,0.0,0.0,9.369028089406791,12.702810455673285,14.964803668883421,15.071886647048862,73.56819423504732
1662724699477,14.7,1.8,-13.0,0.0,0.0,0.2,219.7,359.4,0.0,0.0,9.368989652917291,12.702765505886308,12.810187412036486,14.996183984464706,72.57281407091948
1662724700490,14.7,1.8,-13.0,0.0,0.0,0.2,219.7,359.4,0.0,0.0,9.36893868253373,12.271506630160925,12.702708701440164,15.01336087039434,71.78598280715413
1662724701490,14.7,1.8,-13.0,0.0,0.0,0.2,219.6,359.4,0.09999999999999432,0.09999999999999432,9.368895078297056,12.34056150676304,12.702664096183012,15.006486217196253,71.23749536084605
1662724702491,14.7,1.8,-13.0,0.0,0.0,0.2,219.6,359.4,0.0,0.0,9.36881736699017,12.319650289217849,12.702629659181081,15.005906355623882,70.9094082797834
1662724703463,14.7,1.8,-13.0,0.0,0.0,0.2,219.6,359.4,0.0,0.0,9.368729221500269,12.325245792174858,12.7025963790552,15.004310725655328,70.7965507055467
1662724704475,14.7,1.8,-13.0,0.0,0.0,0.2,219.6,359.4,0.0,0.0,9.368691905389037,12.324262022138193,12.702552848181554,15.00334444478566,70.88831444771364
1662724705475,14.7,1.8,-13.0,0.0,0.0,0.2,219.6,359.4,0.0,0.0,9.368631423280913,12.325042704440913,12.702500216810055,15.001640525510414,71.18256291416728
1662724706474,14.7,1.8,-13.0,0.0,0.0,0.2,219.6,359.4,0.0,0.0,9.368575128189315,12.325604159957882,12.70246144891376,15.000686092082937,71.67243327671247
1662724707473,14.7,1.8,-13.0,0.0,0.0,0.2,219.6,359.4,0.0,0.0,9.36856401167783,12.325144414656256,12.702414432962906,14.998706228998637,72.35201224171394
1662724708473,14.7,1.8,-13.0,0.0,0.0,0.2,219.7,359.4,0.09999999999999432,0.09999999999999432,9.368564871436584,12.324420800539366,12.70237581496979,14.996189563349027,73.21614629962886
1662724709473,14.7,1.8,-13.0,0.0,0.0,0.2,219.7,359.4,0.0,0.0,9.368563932547646,12.325073060595575,12.702352434308548,14.995422612694819,74.25812336024045
1662724710472,14.7,1.8,-13.0,0.0,0.0,0.2,219.7,359.4,0.0,0.0,9.368566802094401,12.325581935612712,12.702343855295624,14.993580691567567,75.47052013916405
1662724711486,14.7,1.8,-13.0,0.0,0.0,0.2,219.7,359.4,0.0,0.0,9.368546330075079,12.325493943589768,12.702348667311622,14.992010970168906,76.87009704619425
1662724712472,14.7,1.8,-13.0,0.0,0.0,0.2,219.7,359.4,0.0,0.0,9.368477134400699,12.325810536442157,12.702337097380472,14.991664665641775,78.388237629698
1662724713485,14.7,1.8,-13.0,0.0,0.0,0.2,219.7,359.4,0.0,0.0,9.368439506618902,12.325648738017483,12.702379120566338,14.989258011642809,80.10315572034442
1662724714485,14.7,1.8,-13.0,0.0,0.0,0.2,219.7,359.4,0.0,0.0,9.36839043551937,12.324875175798853,12.702222097676405,14.990550065118814,81.94418931759176
1662724715472,14.7,1.8,-13.0,0.0,0.0,0.2,219.7,359.4,0.0,0.0,9.368426305243474,12.32560027503423,12.702811603463097,14.98146706490473,83.89959199816558
1662724716484,14.7,1.8,-13.0,0.0,0.0,0.2,219.7,359.4,0.0,0.0,9.36830926071007,12.32570854031993,12.700252347865028,15.00676619633221,86.04816787729185
1662724717485,14.7,1.8,-13.0,0.0,0.0,0.2,219.6,359.4,0.09999999999999432,0.09990009990009423,9.368731852382489,12.322517161551632,12.742449926120399,14.741204426994136,88.49615019035689
1662724718483,14.7,1.8,-13.0,0.0,0.0,0.2,219.7,359.4,0.09999999999999432,0.1002004008015975,9.365847100719416,12.32156304376193,13.070750444822364,14.56138829502369,91.55012562493222
1662724719483,14.7,1.8,-13.0,0.0,0.0,0.2,219.7,359.4,0.0,0.0,9.408898423594728,11.981721190756023,14.048489531230192,14.549570001062424,93.8465745755671
1662724720496,14.7,1.8,-13.0,0.0,0.0,0.2,219.7,359.4,0.0,0.0,9.786072950502497,11.691994400895386,14.550467962557999,16.0658208063664,94.534293013733
1662724721483,14.7,1.8,-13.0,0.0,0.0,0.2,219.7,359.4,0.0,0.0,10.929078406104225,11.748636706307236,14.548530455513095,17.843545615141775,95.15207751864168
1662724722468,14.7,1.9,-13.2,0.1999999999999993,0.2030456852791871,53.9,243.4,13.0,77.4,78.57868020304569,11.61305397518187,13.323108446710185,14.451557459954177,17.681278743344787,97.25763772854833
1662724723469,15.0,1.3,-14.7,1.5297058540778357,1.5281776764014343,7.9,68.9,11.0,220.5,220.2797202797203,11.051210297544394,14.078415524196199,16.592700073948194,18.277713726793653,100.52553291413902
1662724724481,14.7,1.5,-15.9,1.2369316876852994,1.222264513523023,29.3,92.5,15.3,44.99999999999999,44.46640316205533,10.24168400643492,13.380717914618993,15.449721234979274,17.63202783083186,102.96732166808813
1662724725481,14.6,1.5,-16.3,0.4123105625617663,0.4123105625617663,48.6,105.9,23.2,32.7,32.7,9.988691395560299,13.1626109290279,15.066613330738294,17.283158949399063,104.29642994693894
1662724726480,14.6,1.8,-16.4,0.09999999999999787,0.10010010010009797,61.6,106.5,346.5,13.599999999999994,13.613613613613609,9.958022525889529,13.141501739584584,15.005631900403898,17.209851728853707,105.76020799590508
1662724727468,14.5,1.8,-16.4,0.09999999999999964,0.10121457489878506,33.4,94.8,339.1,39.900000000000006,40.384615384615394,9.7415265057536,12.951052176939415,14.85932102307219,17.095815964598952,108.47657730219814
1662724728477,14.5,1.9,-16.4,0.0,0.0,32.8,111.4,359.9,17.20000000000001,17.046580773042628,9.384487084200632,12.699003128138893,14.207887621375864,16.519875910875275,110.70319024763272
1662724729478,14.5,1.9,-16.4,0.0,0.0,19.9,119.4,2.2,20.9,20.87912087912088,9.141454776015568,12.524460458109253,13.689161698564346,16.142704267057667,110.3244818827227
1662724730478,14.6,2.0,-16.5,0.14142135623731025,0.14142135623731025,8.3,116.7,2.5,14.3,14.3,9.753187125420192,12.972413029459728,13.773302952077698,16.141997260849895,108.52161578116431
1662724731479,14.7,1.9,-16.5,0.09999999999999964,0.09990009990009956,33.6,110.2,0.2,31.8,31.76823176823177,11.679769714591103,13.814054055951908,14.407782056497387,16.22248964374035,106.60493477289236
1662724732478,14.7,1.9,-16.5,0.0,0.0,15.8,113.1,1.1,20.699999999999992,20.720720720720713,13.8192595731502,15.022903134932674,16.220545779494007,17.062239491178758,105.73393605470291
1662724733477,14.7,2.0,-16.5,0.0,0.0,8.4,114.9,2.6,9.200000000000012,9.20920920920922,13.815837219971357,16.220337467714433,19.120840688407064,19.719705321744033,103.3308150709494
1662724734477,14.7,2.0,-16.5,0.0,0.0,6.9,115.4,2.5,2.0,2.0,13.81561613819824,16.219129653242426,19.118019776198413,20.413406092340672,99.11359091986114
1662724735477,14.7,2.0,-16.5,0.0,0.0,7.8,98.9,359.7,17.4,17.4,13.816131907100353,16.21700125303829,19.114565986265532,20.412171139749322,96.26580330361067
1662724736472,14.7,2.0,-16.5,0.0,0.0,7.9,220.9,4.6,122.1,122.71356783919597,13.815525741300899,16.21498331048439,19.112810732969336,20.409108160700725,94.70961244930547
1662724737473,14.7,2.0,-16.5,0.0,0.0,10.6,273.4,1.2,55.199999999999974,55.14485514485513,13.813728271363662,16.214356972536258,19.111624559500004,20.405153284735828,94.17315751446282
1662724738473,14.7,2.0,-16.5,0.0,0.0,8.8,263.6,359.5,11.599999999999953,11.599999999999953,13.81304204259767,16.21309456548975,19.108185996038515,20.40264493925063,94.41093535568872
1662724739473,14.7,2.0,-16.5,0.0,0.0,4.6,276.0,1.3,16.59999999999998,16.59999999999998,13.813822212747839,16.210845319610037,19.10694734985427,20.39919234597779,95.16475276188623
1662724740472,14.7,2.0,-16.4,0.10000000000000142,0.10010010010010152,5.8,299.0,356.6,24.2,24.224224224224223,13.88808071326046,16.272595548871024,19.054186284506347,20.48537658287638,96.17636845416806
1662724741470,14.7,2.0,-16.4,0.0,0.0,10.9,306.2,358.6,12.29999999999999,12.324649298597185,13.889589593734426,16.271087055337027,19.05281602572467,20.48292349811579,97.18897714068291
1662724742472,14.7,1.9,-16.4,0.0,0.0,14.1,275.8,356.7,33.59999999999998,33.5329341317365,13.886387356859736,16.27045524079222,19.0509511336786,20.482646996927233,97.95004768646267
1662724743473,14.4,1.9,-16.5,0.3162277660168374,0.31591185416267475,27.1,262.7,358.5,26.100000000000023,26.0739260739261,13.626379177228403,15.969521184395193,18.8423347805165,20.250540312597682,98.19671986284648
1662724744472,13.7,1.9,-16.4,0.7071067811865488,0.7078145957823311,33.2,263.8,357.8,7.200000000000024,7.207207207207231,13.177134652562305,15.462965022540855,18.161494767037226,20.060962771135646,97.67395537944182
1662724745473,12.0,1.9,-16.4,1.6999999999999993,1.6983016983016979,28.3,261.8,357.4,6.900000000000002,6.893106893106896,11.562462537837376,13.67849816589194,16.286160072259793,19.19873795080169,96.14608829846442
1662724746471,12.0,2.0,-16.5,0.10000000000000142,0.10020040080160462,7.3,197.0,356.8,85.80000000000001,85.97194388777557,10.161241276201073,12.517370919689167,15.44631283989942,18.193502688075323,94.0147043763639
1662724747473,11.9,1.9,-16.4,0.14142135623731025,0.14113907808114795,29.7,267.8,2.6,93.20000000000002,93.01397205588825,8.373773048970126,11.096789662763442,14.253384365424832,16.378037388480877,92.3090870124693
1662724748472,11.9,1.9,-16.4,0.0,0.0,40.1,267.3,0.2,10.900000000000002,10.910910910910912,6.774680181096494,10.00927610734399,13.607178652658353,13.929848143373484,91.46126595104188
1662724749472,11.9,1.9,-16.4,0.0,0.0,39.4,266.5,359.6,1.5000000000000142,1.5000000000000142,6.994549191819974,10.317106098887443,11.121141398003672,12.890456412684014,91.17968692300474
1662724750472,11.0,1.9,-16.3,0.9055385138137417,0.9055385138137417,31.3,262.6,358.5,11.999999999999975,11.999999999999975,7.577340392370866,9.43758728179191,9.960636837180006,12.114104333963276,91.14496549854974
1662724751471,11.1,2.0,-16.4,0.14142135623730775,0.1415629191564642,7.7,194.5,358.5,91.70000000000002,91.79179179179181,5.733365809132132,9.12086308971043,12.972142749718573,13.250507763784563,91.03673006431197
1662724752471,11.0,2.0,-16.3,0.14142135623730775,0.14142135623730775,13.2,294.7,7.3,105.69999999999999,105.69999999999999,7.765287517106441,9.346623179811036,10.94696304412598,11.289193494626785,90.53440740439427
1662724753466,11.1,2.0,-16.2,0.14142135623731025,0.14213201631890476,7.4,346.1,3.2,57.20000000000003,57.48743718592968,6.228812514865951,9.270253562391298,12.639713104219165,12.793785347934566,89.34671274912112
1662724754466,11.0,2.0,-16.3,0.14142135623731025,0.14142135623731025,14.3,301.3,2.9,51.70000000000001,51.70000000000001,6.613954820372285,9.986144906222819,11.592567761228267,13.034533550406994,87.7309986262427
1662724755469,11.0,2.0,-16.3,0.0,0.0,11.1,305.2,8.7,7.099999999999978,7.078763708873359,7.429195427463781,9.899256072504466,10.919518536705569,12.894925712241514,86.55864215645148
1662724756466,11.1,2.0,-16.3,0.09999999999999964,0.10030090270812402,8.7,325.3,3.8,22.50000000000002,22.567703109328004,5.807156827544551,9.295835179708297,13.403036543422214,13.787150527117493,86.21751635042669
1662724757465,11.1,2.0,-16.2,0.10000000000000142,0.10010010010010152,14.5,332.4,1.6,12.899999999999967,12.91291291291288,8.700241240384734,9.340541587914101,11.24376693965937,12.081856223420175,86.5137331182508
1662724758466,11.0,1.9,-16.2,0.09999999999999964,0.09990009990009956,21.3,349.0,356.2,23.400000000000023,23.376623376623403,5.939193770130347,8.998663623219986,12.810555957419808,14.02939282976821,87.23556618803957
1662724759465,11.1,2.0,-15.2,1.004987562112089,1.0059935556677566,10.4,330.6,358.4,29.299999999999976,29.329329329329305,6.554933003745542,10.075744234679425,12.098304136699134,13.495238181895994,88.16485613615211
1662724760479,11.4,2.0,-14.2,1.0440306508910553,1.0296160265197785,4.3,340.0,358.9,15.499999999999979,15.285996055226803,8.463878960433552,10.433636871736491,10.644670569923992,13.165127576060407,89.10048570911256
1662724761479,11.2,2.0,-13.4,0.8246211251235314,0.8246211251235314,7.6,312.8,354.3,30.49999999999999,30.49999999999999,5.900934007687922,9.20303307593144,14.352156894920304,15.270885980207284,89.79767313288994
1662724762468,10.7,2.0,-13.0,0.6403124237432851,0.6474341999426543,0.2,273.9,358.4,46.30000000000003,46.81496461071793,7.256689128145119,10.7408743079906,10.787584963229186,12.358001818379698,90.06278144040074
1662724763467,11.0,2.0,-12.7,0.4242640687119295,0.42468875746939894,6.0,271.3,358.8,8.399999999999967,8.408408408408375,6.821106592340809,9.507098690184602,12.424886622147907,14.543334324385908,89.91377713376768
1662724764476,11.2,2.0,-12.6,0.22360679774997816,0.22161228716548878,13.7,332.5,5.9,68.89999999999999,68.28543111992072,6.28812937426508,9.810821115067395,13.034226114917727,13.268337200281335,89.58797135959743
1662724765466,11.1,2.0,-12.7,0.141421356237309,0.1428498547851606,10.1,278.8,359.4,57.29999999999999,57.87878787878787,8.310095287496496,10.446753925560644,13.488552501538543,13.615189095970091,89.35247600442248
1662724766479,11.0,2.0,-12.8,0.14142135623731025,0.13960647210001015,7.5,242.4,357.2,39.00000000000001,38.49950641658442,5.682880782509431,9.200298772470397,13.444738905437925,16.307366590028803,89.46090560144681
1662724767478,11.1,2.0,-12.8,0.09999999999999964,0.10010010010009975,3.7,199.0,356.8,47.2,47.24724724724725,8.930192708189145,10.66478809949678,12.926744918441177,16.098994362830695,90.17370947126409
1662724768475,11.1,2.0,-12.7,0.10000000000000142,0.1003009027081258,12.9,310.9,9.4,121.09999999999998,121.46439317953859,14.243756614671288,14.348914574910074,15.243821978047992,15.649389470385879,91.74271312930232
1662724769473,11.1,2.0,-12.6,0.09999999999999964,0.10020040080160285,6.7,343.3,5.8,38.60000000000004,38.67735470941887,12.801786451370923,16.265513404138414,19.539201189602068,19.68431278632203,94.38458166026294
1662724770474,11.1,2.0,-12.6,0.0,0.0,7.2,332.6,4.5,11.199999999999989,11.18881118881118,14.304528938145015,15.556233547330487,16.590825801423318,19.29157156689176,97.18669374663091
1662724771475,11.1,2.0,-12.6,0.0,0.0,8.0,317.2,2.6,16.200000000000035,16.18381618381622,12.762886838874676,13.042406129661217,16.75096599862965,18.076685380240942,98.05649438954887
1662724772475,11.1,2.0,-12.6,0.0,0.0,7.4,311.4,1.8,6.400000000000011,6.400000000000011,6.711030692697975,13.429891104762637,16.19643356250084,16.85902069900806,96.4492782191099
1662724773475,11.1,2.0,-12.6,0.0,0.0,4.0,338.1,1.1,30.100000000000044,30.100000000000044,5.7799686030658455,11.620501882105343,13.786743330125983,16.467495243322475,93.53868352884773
1662724774475,11.0,2.0,-12.5,0.141421356237309,0.141421356237309,11.7,301.0,358.5,44.800000000000026,44.800000000000026,5.69454462807329,10.460578325331229,12.797173510027454,16.023394156105123,90.86664236901143
1662724775476,10.9,2.0,-11.5,1.004987562112089,1.0039835785335556,10.6,304.9,356.5,4.999999999999977,4.995004995004972,5.58867610617358,11.047150521038121,15.365542695112488,17.112349395166827,89.35490504431405
1662724776477,10.5,2.0,-10.6,0.9848857801796109,0.9839018783013097,9.4,291.7,354.6,14.399999999999988,14.385614385614375,5.347575882005613,11.264513865154873,19.460149068602778,20.22580375440895,88.92074281343304
1662724777476,10.6,2.0,-9.6,1.004987562112089,1.0059935556677566,8.6,296.1,354.4,5.200000000000035,5.20520520520524,5.780055322982859,12.030896590216912,22.588481072836714,23.692742041832474,89.56875259761495
1662724778474,10.4,2.0,-8.6,1.0198039027185568,1.0218475979143855,9.8,321.7,5.1,26.79999999999997,26.85370741482963,6.0906930423470875,12.616814681656143,21.27646839625503,21.731517126369084,91.45314746828561
1662724779476,10.4,2.0,-7.7,0.8999999999999995,0.8982035928143707,8.4,281.5,355.0,41.59999999999999,41.51696606786426,6.632582744755786,13.305180537978286,19.003597609094278,21.101645523791547,94.63689417223576
1662724780476,10.2,2.0,-6.9,0.8246211251235323,0.8246211251235323,5.2,271.8,355.7,12.899999999999988,12.899999999999988,7.034968683040163,13.81732287925429,18.161845953900336,20.41074005674681,96.29521183377709
1662724781475,10.2,2.0,-7.0,0.09999999999999964,0.10010010010009975,4.5,216.4,354.2,56.10000000000001,56.156156156156165,6.963121808154573,13.736817129630529,18.23345144393813,20.47733471370107,95.66030238914429
1662724782476,10.2,2.0,-6.9,0.09999999999999964,0.09990009990009956,9.3,272.2,3.2,60.59999999999998,60.53946053946053,7.034977406255667,13.817372580053105,18.156808655815,20.408765226202146,94.39162597306131
1662724783475,10.0,2.0,-6.3,0.6324555320336761,0.6330886206543305,18.1,294.0,2.2,30.600000000000012,30.63063063063064,7.351144665781359,14.192845218104553,17.57159895459013,19.859827992815067,91.16724452148674
1662724784476,9.1,2.0,-5.9,0.9848857801796106,0.9839018783013094,13.2,267.9,356.7,31.000000000000025,30.969030969030996,7.1520475407357,14.052750554666146,16.679023712376452,18.91876400251557,87.38026165890804
1662724785471,8.5,2.0,-5.1,1.0000000000000002,1.0050251256281408,7.0,328.4,7.0,66.7,67.03517587939699,7.5735163761565705,14.472360195902127,15.67923828168466,17.937489701986294,85.22316945448185
1662724786474,7.6,2.0,-5.1,0.9000000000000004,0.8973080757726825,10.1,256.9,351.0,74.6,74.37686939182453,7.2434153392757725,14.093673326294429,15.11227763321014,17.26974691883741,84.42205950535622
1662724787472,6.7,1.9,-5.5,0.9848857801796101,0.9868594991779661,6.4,215.1,352.3,45.499999999999986,45.59118236472945,6.622117309513672,13.38781124120664,14.906900222998866,16.912647701390515,84.62059135523198
1662724788475,5.7,1.9,-5.2,1.0440306508910548,1.0409079271097257,16.5,264.3,0.4,59.30000000000002,59.12263210368896,6.789370930735464,13.361675704014866,14.114391445854498,16.011408906089315,85.44500231686
1662724789475,4.8,1.9,-5.0,0.9219544457292891,0.9219544457292891,8.8,282.0,0.6,25.399999999999988,25.399999999999988,6.9997318132725805,13.339305786926658,13.4919872074541,15.269720452595438,86.5322851560598
1662724790475,3.9,2.0,-4.7,0.9486832980505137,0.9486832980505137,5.6,225.4,355.9,59.8,59.8,7.419084794752912,12.812835415394268,13.479611272636348,14.470881599975959,87.95013175790073
1662724791475,3.0,1.9,-4.8,0.9055385138137415,0.9055385138137415,8.6,279.6,356.7,57.20000000000002,57.20000000000002,7.548897219626935,12.540543630678442,13.285413101053964,14.017173731851459,90.16937737310629
1662724792474,2.2,2.0,-5.0,0.8246211251235319,0.8254465716952272,6.1,273.5,356.3,8.600000000000023,8.608608608608632,7.650257901377537,12.457242132415637,13.051677886943029,13.747618867207496,92.45475360006486
1662724793474,1.3,1.9,-5.1,0.9055385138137417,0.9055385138137417,13.5,265.2,355.8,15.700000000000012,15.700000000000012,7.974301158242144,12.306968845523077,12.971837836822475,13.387464872345628,92.83044557072122
1662724794472,0.6,1.9,-5.6,0.8602325267042628,0.8619564395834296,7.6,309.4,7.8,50.09999999999999,50.200400801603195,7.943290313174297,12.533722689797287,12.65062588774586,13.527193223460275,90.83445886631584
1662724795472,-0.1,1.9,-5.3,0.7615773105863908,0.7615773105863908,9.4,253.7,351.8,57.499999999999986,57.499999999999986,8.609842364659396,12.24550120769739,12.929073905920733,12.974172918959864,87.68354310438365
1662724796470,-0.9,1.9,-5.9,1.0000000000000004,1.0020040080160326,6.9,231.7,356.5,24.5,24.549098196392787,8.706680693657798,12.501379382482353,12.769854067884262,13.264157788703766,84.63036228035618
1662724797473,-1.9,1.9,-5.9,0.9999999999999999,0.9970089730807578,24.6,268.2,357.4,54.2,54.037886340977074,9.448402003331399,12.750369118215417,12.773603816650816,12.990444544094492,81.3528505531206
1662724798470,-2.7,1.9,-6.3,0.8944271909999159,0.8971185466398354,8.6,213.7,352.6,70.5,70.71213640922768,9.837641425466138,12.67078406669279,13.190541478584498,13.217567518385422,79.84456719225398
1662724799470,-3.7,1.9,-6.7,1.077032961426901,1.077032961426901,11.9,222.8,350.9,12.400000000000023,12.400000000000023,10.462689172434006,12.71961779554543,13.480202859476174,13.703727696934587,82.11314845619941
1662724800472,-4.6,1.9,-6.2,1.0295630140986995,1.0275079981024946,23.9,275.3,359.2,64.5,64.37125748502994,11.490845989004969,12.922596754390062,13.379364864409174,13.58424815971631,85.6665769095666
1662724801471,-5.6,1.9,-6.2,1.0,1.001001001001001,27.0,288.5,2.3,16.29999999999999,16.316316316316307,12.369567162186174,12.937051928675407,13.633648236588007,14.100080356677262,88.38079210071294
1662724802480,-6.4,1.9,-5.7,0.943398113205661,0.9349832638311805,13.3,337.1,4.4,62.300000000000026,61.744301288404394,12.473896790853644,13.279431822170043,13.401096158606414,14.959189164682556,88.90215281443444
1662724803479,-7.3,1.9,-5.5,0.9219544457292882,0.9228773230523405,13.5,339.2,3.6,2.299999999999965,2.3023023023022673,28.7798910219718,39.83255256259634,71.26489688896271,79.07356782908086,87.24268643883401
1662724814330,14.7,2.0,-16.4,0.0,0.0,354.8,100.3,3.5,0.0,0.0,,,,,94.65082529417757
1662724815342,14.7,2.0,-16.4,0.0,0.0,5.1,87.6,359.4,23.000000000000014,22.72727272727274,125.95418045928223,127.0629187643678,,,90.69151371971442
1662724816343,14.7,2.0,-16.4,0.0,0.0,3.4,128.6,1.1,42.7,42.65734265734267,125.89859955291475,127.04477844596998,,,87.66518710235819
1662724817344,14.6,2.0,-16.4,0.09999999999999964,0.09990009990009956,6.3,262.1,0.6,136.40000000000003,136.26373626373632,125.8215449666153,127.04616966042194,,,87.2488084572812
1662724818371,14.6,2.0,-16.4,0.0,0.0,6.9,259.6,2.7,3.1000000000000005,3.018500486854918,125.73771732148798,127.1117171856325,,,89.51311976257814
1662724819356,14.6,2.0,-16.3,0.09999999999999787,0.10152284263959174,7.0,321.9,359.5,62.399999999999956,63.350253807106554,125.61116058205174,127.18538641044658,,,91.55416324476542
1662724820363,14.2,2.0,-16.3,0.40000000000000036,0.3972194637537243,4.9,237.1,358.5,86.89999999999998,86.29592850049652,124.77671163193158,127.19768033646105,,,91.9203637663298
1662724821356,13.3,2.0,-16.5,0.9219544457292872,0.9284536210768249,4.5,213.2,357.3,24.300000000000004,24.471299093655592,121.62836047129142,125.45189885389193,,,90.96097759860625
1662724822346,12.4,2.0,-16.4,0.9055385138137422,0.9146853674886285,2.0,288.3,10.2,77.60000000000002,78.38383838383841,116.5717377273571,120.4781373497054,,,89.2232796309314
1662724823360,12.5,2.0,-15.7,0.7071067811865468,0.6973439656672059,7.1,337.7,3.8,54.49999999999998,53.74753451676526,110.50729426638657,113.12856175216912,,,87.17859943065683
1662724824369,11.9,2.0,-15.1,0.8485281374238566,0.8409595019066964,8.0,290.6,4.5,47.999999999999964,47.5718533201189,103.81549972942946,105.0642134187421,,,85.42082974687854
1662724825353,11.0,2.0,-15.1,0.9000000000000004,0.9146341463414638,7.0,219.9,352.9,71.70000000000002,72.86585365853661,96.5321713641596,96.77607527488833,,,84.20919044056451
1662724826377,10.2,2.0,-15.6,0.943398113205661,0.9212872199274034,3.3,198.4,355.2,25.2,24.609375,88.24455716724192,88.75930899999159,,,83.29036722720775
1662724827358,9.1,2.0,-15.7,1.1045361017187258,1.1259287479293842,5.3,210.9,354.2,14.5,14.780835881753314,79.15807467199517,81.40599287483856,,,82.53052011764349
1662724828341,8.5,2.0,-14.9,0.999999999999999,1.017293997965411,11.5,276.5,3.8,71.8,73.04170905391658,69.25182223647454,74.99351330614927,,,81.68718812943311
1662724829358,7.9,2.0,-14.0,1.0816653826391969,1.063584447039525,9.4,335.3,5.0,60.90000000000001,59.882005899705035,59.13117827858798,68.57858163891494,125.18521513742287,,80.68517764659896
1662724830375,7.7,2.0,-14.3,0.3605551275463996,0.3545281490131757,2.8,197.2,350.1,144.70000000000002,142.28121927236975,50.35653218840709,61.06356699431106,125.4335614151899,,79.75775263406108
1662724831358,6.8,1.9,-14.7,0.9848857801796103,1.0019183928581996,2.4,197.8,346.5,1.0000000000000226,1.017293997965435,41.58145216778061,53.39131660050493,125.78524177598048,,79.14718509014783
1662724832358,6.1,1.9,-14.6,0.7071067811865477,0.7071067811865477,4.6,197.5,344.9,2.500000000000011,2.500000000000011,32.382704035839005,46.22350835034584,125.60037344276869,,79.03036112445142
1662724833358,6.5,1.9,-14.0,0.7211102550927978,0.7211102550927978,5.6,198.5,345.8,2.0,2.0,23.141119252847773,39.65655753369712,124.8448902624051,,79.65780264996525
1662724834350,6.7,1.9,-13.8,0.2828427124746186,0.2851237020913494,6.6,277.2,8.7,79.69999999999999,80.34274193548386,15.019507812420008,32.860255214648184,124.55014551511215,,81.2762365724599
1662724835357,6.7,1.9,-13.8,0.0,0.0,4.2,309.1,2.4,34.30000000000003,34.06156901688186,8.965066456387309,25.57545112116072,122.7199684570848,,84.1624691826411
1662724836350,6.8,1.9,-13.9,0.141421356237309,0.14241828422689728,6.5,203.5,357.1,107.90000000000002,108.66062437059418,10.316973137354855,18.599173800350215,118.00126845280504,,86.49585975193631
1662724837380,6.8,1.9,-13.9,0.0,0.0,5.8,201.8,355.5,2.399999999999989,2.33009708737863,11.627121089280735,17.407453002408854,111.08491558750316,,84.76425459614275
1662724838357,6.7,1.9,-13.9,0.09999999999999964,0.10235414534288602,4.1,205.2,353.0,5.099999999999977,5.2200614124871825,5.79423021644509,25.775192112732345,103.62900854793837,,80.44863583601487
1662724839349,6.0,1.9,-14.0,0.7071067811865477,0.7128092552283747,14.5,276.3,6.8,81.50000000000003,82.15725806451616,5.578361095821386,34.17366584395598,95.20832614667928,,76.82574229494905
1662724840346,5.9,1.9,-13.8,0.22360679774997816,0.22427963665995804,11.9,278.9,2.5,5.1999999999999655,5.215646940822433,11.569321081064956,43.33343325705537,85.84683574704184,129.5099680727001,74.12622660511626
1662724841372,5.9,1.9,-13.7,0.10000000000000142,0.09746588693957253,5.1,350.5,6.5,78.40000000000002,76.4132553606238,18.623279721217134,52.732457306695785,76.32517914990495,129.52219159601577,72.22922188570651
1662724842373,6.0,1.9,-13.9,0.22360679774997974,0.22338341433564413,3.5,189.2,354.0,162.9,162.73726273726277,25.894440385775898,61.574516213541024,67.46347849712838,129.12745067225038,71.13718566120374
1662724843349,5.2,1.9,-14.1,0.8246211251235317,0.8448986937741103,4.6,193.8,349.9,5.700000000000022,5.840163934426252,33.0361800511777,58.711073947756844,70.23258989097776,128.75568371899453,70.69715394117665
1662724844345,5.5,1.9,-13.2,0.948683298050514,0.9524932711350542,12.2,290.2,3.8,103.99999999999997,104.4176706827309,39.36460879329796,48.60165987953694,80.30403809346154,129.260347990222,70.78645989424247
1662724845352,5.7,1.9,-12.7,0.5385164807134505,0.5347730692288486,8.7,330.7,2.2,44.0,43.69414101290964,39.06413949352869,46.09655625736995,89.95581721763536,128.97536661433207,71.32921294317543
1662724846379,5.8,1.9,-12.9,0.22360679774997974,0.21772813802334934,0.2,158.1,351.1,181.1,176.33885102239535,30.26311804922433,53.70315053497269,99.15631185556852,126.52338951089232,72.24557968554102
1662724847375,5.7,1.9,-12.9,0.09999999999999964,0.10040160642570245,4.1,184.5,354.3,30.300000000000004,30.421686746987955,21.49228272447892,60.86040894659568,105.41318848089418,121.98408247764607,73.38225698157876
1662724848366,5.7,1.9,-12.8,0.09999999999999964,0.10090817356205817,6.0,306.7,4.3,124.1,125.22704339051462,14.705172861765536,68.03419013105048,110.90096875882863,115.59087792813955,74.65640054032261
1662724849350,5.4,1.9,-12.0,0.8544003745317537,0.8682930635485302,9.7,322.4,3.7,19.399999999999988,19.715447154471534,10.341572959126232,74.25769987152606,108.9983180926896,116.86364289190684,75.96637486139561
1662724850360,4.8,1.9,-11.2,1.0000000000000009,0.990099009900991,11.1,307.4,0.4,16.4,16.237623762376238,8.091457379026775,80.78032014807259,101.70276422590489,123.06144095637218,77.25697571802247
1662724851367,4.1,1.9,-11.0,0.7280109889280518,0.7229503365720475,10.9,305.7,3.0,1.899999999999988,1.886792452830177,7.271233193934932,87.75681542232257,93.77603057447273,128.75536581324704,78.38837120305588
1662724852344,3.1,1.9,-10.8,1.0198039027185564,1.0438115688009788,12.6,285.8,355.1,21.599999999999977,22.108495394063436,6.392560668219603,86.09212406181857,92.78160943419759,133.39049147867303,79.28329236877157
1662724853369,2.5,1.9,-11.6,0.9999999999999992,0.9756097560975603,11.9,223.2,355.9,63.300000000000026,61.75609756097564,6.5424224557922805,77.0354937766205,99.0903702717119,133.94443565416208,80.01421490304156
1662724854370,1.7,1.9,-12.1,0.9433981132056605,0.9424556575481124,1.6,200.6,350.9,32.89999999999999,32.86713286713286,6.481673788853019,68.24058058284724,104.99482705143767,133.93299201730562,80.5340351163211
1662724855366,0.9,1.9,-12.6,0.9433981132056604,0.9471868606482534,6.2,259.8,6.7,63.80000000000002,64.05622489959842,6.554582366967187,59.910313820632226,111.34472978124796,134.8371351742151,80.87239552078933
1662724856363,0.1,1.9,-12.0,0.9999999999999999,1.0030090270812437,14.0,329.3,3.6,77.3,77.53259779338013,5.706596493689179,52.38935654668905,116.39758034332525,124.23048491495098,81.04434100732513
1662724857352,-0.9,1.9,-11.9,1.004987562112089,1.01616538130646,15.0,283.7,357.0,46.60000000000002,47.118301314459075,5.376323145402925,44.69780460955615,119.3095146488374,124.12269847235237,81.09299314172189
1662724858345,-1.3,1.9,-12.9,1.077032961426901,1.0846253387984903,3.3,209.0,355.9,86.39999999999999,87.00906344410875,6.3285094909082344,35.61679412081003,124.89809951587522,,81.10744648848892
1662724859364,-2.1,1.9,-13.3,0.8944271909999161,0.8777499421000159,23.9,242.6,357.2,54.19999999999999,53.18940137389597,6.726047558595212,27.13084487153355,125.06594300210524,,81.18218106044914
1662724860345,-2.8,1.9,-12.6,0.9899494936611671,1.0091228273814141,15.3,344.0,2.0,110.0,112.13047910295617,6.1128434548079,21.05337709458707,124.10032956224053,,81.40282290393398
1662724861351,-3.7,1.9,-12.1,1.0295630140987002,1.02342247922336,18.0,348.1,2.6,6.800000000000022,6.75944333996026,5.866866975693357,17.62060100311693,123.11491172296505,,81.8740730927029
1662724862366,-4.7,1.9,-12.0,1.004987562112089,0.990135529174472,21.8,290.6,358.4,61.3,60.39408866995074,6.190480619344397,16.200369951088394,120.64509355497336,,82.69676178728122
1662724863370,-5.6,1.9,-12.0,0.8999999999999995,0.8964143426294815,6.3,241.5,357.5,64.60000000000002,64.34262948207173,6.671475020447501,16.510171024741375,115.46704091515676,,83.9490633959438
1662724864345,-6.3,1.9,-12.7,0.9899494936611661,1.0153328140114524,3.7,190.4,355.6,53.699999999999996,55.07692307692307,7.648358084579185,16.221476503197422,109.83910055141858,,85.67256416360814
1662724865350,-7.3,1.9,-12.6,1.004987562112089,0.9999876239921284,5.2,193.4,354.9,4.5,4.477611940298508,102.49614530475445,,,,88.06810316436653
1662724872437,48.2,0.3,23.8,0.0,0.0,0.0,0.0,0.0,0.0,0.0,46.44924738352787,51.994183146677265,56.72146963494949,57.96493323811949,101.90200498212207
1662724873124,15.4,1.4,-15.8,0.0,0.0,0.0,0.0,0.0,0.0,0.0,10.333462962676322,11.77904862382129,14.787412631252261,24.713241288193068,101.88951475505627
1662724874110,15.0,1.3,-14.8,1.077032961426901,1.0923255186885406,0.0,0.0,0.0,0.0,0.0,9.87213307958916,11.625932579112446,14.553884002562592,23.771812289638984,101.47815463066607
1662724875124,14.5,1.4,-14.0,0.943398113205661,0.9303728927077525,0.0,0.0,0.0,0.0,0.0,9.478617474475545,11.0364797438547,13.935660201204882,22.92359174479243,100.94263236441597
1662724876109,14.4,1.9,-13.2,0.8062257748298556,0.818503324700361,0.0,0.0,0.0,0.0,0.0,9.634521030583004,10.56373896633743,13.487452577866684,22.429722440196446,100.83838201359661
1662724877109,14.5,1.8,-12.9,0.3162277660168368,0.3162277660168368,0.0,0.0,0.0,0.0,0.0,10.070841038932276,10.45811983347257,12.976352570869496,22.36885999812457,102.0413937252212
1662724878122,14.5,1.8,-12.9,0.0,0.0,0.0,0.0,0.0,0.0,0.0,9.40779116715267,11.855394021222597,12.559090046710779,21.47630066976007,105.5809405235881
1662724879122,14.5,1.8,-12.9,0.0,0.0,0.0,0.0,0.0,0.0,0.0,9.124518398465396,12.524622320826937,13.874868912038195,19.928687161493905,110.49146113436967
1662724880108,14.5,1.8,-12.9,0.0,0.0,0.0,0.0,0.0,0.0,0.0,9.588244665340019,12.524482960702127,16.512224793177335,19.370338803532896,112.45718747371302
1662724881122,14.5,1.8,-12.9,0.0,0.0,0.0,0.0,0.0,0.0,0.0,11.036246119605563,12.52426221030448,18.859333160778572,19.7227481999347,110.9574617347536
1662724882121,14.5,1.8,-12.9,0.0,0.0,0.0,0.0,0.0,0.0,0.0,12.524053017210855,13.457959194344323,18.18018765450243,20.450725532830994,106.27483273164765
1662724883122,14.5,1.8,-12.9,0.0,0.0,0.0,0.0,0.0,0.0,0.0,12.52374516928095,16.703055903830638,17.425623654150385,19.90391363074343,100.44235955245499
1662724884121,14.5,1.8,-12.9,0.0,0.0,0.0,0.0,0.0,0.0,0.0,12.509090932963732,16.743605896677977,19.6132987026213,20.642389274668368,97.90737611427582
1662724885133,14.5,1.8,-12.9,0.0,0.0,0.0,0.0,0.0,0.0,0.0,12.501948088585479,16.334923945556028,19.78533072607155,25.01251149444434,96.83527489323366
1662724886120,14.5,1.8,-12.9,0.0,0.0,0.0,0.0,0.0,0.0,0.0,12.58820582755519,16.444706212949708,20.62523888142033,28.77759605677303,95.25101081560545
1662724887119,14.5,1.8,-12.9,0.0,0.0,0.0,0.0,0.0,0.0,0.0,12.899907345897384,17.307766741509347,22.277135522949788,24.450504344628786,93.89160834011956
1662724888132,14.5,1.8,-12.9,0.0,0.0,0.0,0.0,0.0,0.0,0.0,13.59526544703024,19.069347373162373,20.409602623921145,21.170257517223924,93.077644114262
1662724889118,14.5,1.8,-12.9,0.0,0.0,0.0,0.0,0.0,0.0,0.0,14.82326750447884,17.251101956907593,19.66758039373369,21.756939496697285,90.51398286533345
1662724890117,14.5,1.8,-12.9,0.0,0.0,0.0,0.0,0.0,0.0,0.0,16.374123042144397,16.67456829747315,20.383064690988668,24.149827285699686,86.81015772924843
1662724891132,14.5,1.8,-12.9,0.0,0.0,0.0,0.0,0.0,0.0,0.0,18.15082559646577,19.1898593642542,19.500969771298063,23.094106192392566,88.33279092402839
1662724892130,14.5,1.8,-12.9,0.0,0.0,0.0,0.0,0.0,0.0,0.0,14.869182811060062,21.865138692969776,22.34574587503516,24.176422505782227,91.25923505407984
1662724893103,14.5,1.8,-12.9,0.0,0.0,0.0,0.0,0.0,0.0,0.0,10.873231812072067,19.82127768956524,22.403768645871917,24.59888881620879,91.53178286161221
1662724894103,14.5,1.8,-12.9,0.0,0.0,0.0,0.0,0.0,0.0,0.0,9.323393122696316,15.810296984955903,17.391787290796895,20.17017036005887,89.60895263416015
1662724895116,14.5,1.8,-12.9,0.0,0.0,0.0,0.0,0.0,0.0,0.0,9.29070728188032,13.004525001745904,14.105954345957263,17.11395699771732,86.65038625997663
1662724896116,14.5,1.8,-12.9,0.0,0.0,0.0,0.0,0.0,0.0,0.0,9.29070728188032,12.53695687495439,12.766708012289683,16.354050837688074,83.66995306743486
1662724897117,14.5,1.8,-12.9,0.0,0.0,0.0,0.0,0.0,0.0,0.0,9.29070728188032,12.537097882441127,12.724743632663243,16.028563373441227,80.63846887129803
1662724898115,14.5,1.8,-12.9,0.0,0.0,0.0,0.0,0.0,0.0,0.0,9.28899921440001,12.537071341156409,12.723320978402446,15.401943056871652,77.68997931967574
1662724899115,14.5,1.8,-12.9,0.0,0.0,0.0,0.0,0.0,0.0,0.0,9.265188941907994,12.53708672583255,12.716706529906833,15.402499521963989,75.43358720899198
1662724900115,14.5,1.8,-12.9,0.0,0.0,0.0,0.0,0.0,0.0,0.0,9.258999778264874,12.497055229621107,12.535416401129082,15.401250122501562,73.84609178327764
1662724901127,14.5,1.8,-12.9,0.0,0.0,0.4,220.5,359.3,139.9,138.2411067193676,9.38312340356877,11.972302458839511,12.515253940725918,15.348314548826517,72.78030349133435
1662724902113,14.5,1.8,-12.9,0.0,0.0,0.0,0.0,0.0,139.9,141.88640973630834,9.779765680740311,11.235620843247082,12.511803152318517,15.066389632391441,72.2187478350703
1662724903114,14.5,1.8,-12.9,0.0,0.0,0.0,0.0,0.0,0.0,0.0,10.363946667269502,10.628580844114701,12.611917320394825,14.558213024163505,72.0990578069993
1662724904127,14.5,1.8,-12.9,0.0,0.0,0.0,0.0,0.0,0.0,0.0,9.580078670916052,12.046961294745037,12.944419868785298,13.898017186029527,72.40809409756422
1662724905126,14.5,1.8,-12.9,0.0,0.0,0.0,0.0,0.0,0.0,0.0,9.226911476857286,13.065095648446455,13.2059443300524,13.657454376577519,73.10514905279342
1662724906125,14.5,1.8,-12.9,0.0,0.0,0.0,0.0,0.0,0.0,0.0,9.7108858426499,11.359814919358952,12.668393364629221,14.884108718648056,74.1604987220528
1662724907111,14.5,1.8,-12.9,0.0,0.0,0.0,0.0,0.0,0.0,0.0,9.94035513475533,11.26023620397873,12.54522979473444,15.428299157786316,75.52306368300367
1662724908125,14.5,1.8,-12.9,0.0,0.0,0.0,0.0,0.0,0.0,0.0,9.244943879050828,13.116801456224913,13.55045661656537,13.896829107652415,77.22735907401382
1662724909125,14.5,1.8,-12.9,0.0,0.0,0.0,0.0,0.0,0.0,0.0,9.81992928678223,11.525820769111597,12.911693110487686,14.510623711285628,80.70939995675948
1662724910125,14.5,1.8,-12.9,0.0,0.0,0.0,0.0,0.0,0.0,0.0,9.873380874005285,11.483791533699954,12.565676107751063,15.750806410026845,86.43308797394823
1662724911111,14.5,1.8,-12.9,0.0,0.0,0.0,0.0,0.0,0.0,0.0,9.232853762045218,13.138126912472247,13.900730651796872,14.28497738185182,85.58548664830256
1662724912110,14.5,1.8,-12.9,0.0,0.0,0.0,0.0,0.0,0.0,0.0,10.06796363896965,11.719211002100915,12.797779693357322,14.701995026003098,80.27030674712404
1662724913109,14.5,1.8,-12.9,0.0,0.0,0.0,0.0,0.0,0.0,0.0,9.726112834814534,12.458207497176847,12.586953623227599,15.59424853742207,76.9390890785285
1662724914123,14.5,1.8,-12.9,0.0,0.0,0.0,0.0,0.0,0.0,0.0,9.286546460648944,13.566999065366444,13.774485025606957,15.829018223565166,76.66230645923767
1662724915108,14.5,1.8,-12.9,0.0,0.0,0.0,0.0,0.0,0.0,0.0,10.779786446619703,11.928942247789976,12.682247162547904,15.64659069568013,71.42931095382208
1662724916108,14.5,1.8,-12.9,0.0,0.0,0.0,0.0,0.0,0.0,0.0,9.549262070379918,12.83093648047714,13.895107077294051,15.402379762118601,68.06186811263825
1662724917121,14.5,1.8,-12.9,0.0,0.0,0.0,0.0,0.0,0.0,0.0,9.5384563873671,13.395562110972937,14.343820451410075,14.641159236343016,67.61010338483345
1662724918120,14.5,1.8,-12.9,0.0,0.0,0.0,0.0,0.0,0.0,0.0,11.036982478859967,11.679391008591466,12.58336481201659,17.131089676319686,69.28642881494622
1662724919120,14.5,1.8,-12.9,0.0,0.0,0.0,0.0,0.0,0.0,0.0,9.27602799417156,13.17927781114996,15.034146752225682,15.099677942062579,72.21589022196919
1662724920109,14.5,1.8,-12.9,0.0,0.0,0.0,0.0,0.0,0.0,0.0,9.91688048817134,13.068788832009318,15.344531862556066,16.46464512975967,75.32045776920347
1662724921120,14.5,1.8,-12.9,0.0,0.0,0.0,0.0,0.0,0.0,0.0,12.101029981896435,12.605471244682379,17.097862541841494,18.004822835430694,78.42005119529709
1662724922120,14.5,1.8,-12.9,0.0,0.0,0.0,0.0,0.0,0.0,0.0,13.585449962309722,14.068899408079588,14.257861199984339,20.84272416074414,81.12056150366952
1662724923120,14.5,1.8,-12.9,0.0,0.0,0.0,0.0,0.0,0.0,0.0,12.824257968753537,15.315288896959649,15.391569013526876,17.87930969262969,79.73303251044342
1662724924118,14.5,1.8,-12.9,0.0,0.0,0.0,0.0,0.0,0.0,0.0,12.616393537220661,16.296896564915667,16.594535350051146,16.809748854473256,76.66855671823015
1662724925118,14.5,1.8,-12.9,0.0,0.0,0.0,0.0,0.0,0.0,0.0,13.030663820675775,17.237931677752417,17.449890050688193,17.671538375220788,74.64202741651387
1662724926118,14.5,1.8,-12.9,0.0,0.0,0.0,0.0,0.0,0.0,0.0,11.86393585907978,13.570999132428692,18.12416482081869,19.28673220366133,73.76601644086269
1662724927131,14.5,1.8,-12.9,0.0,0.0,0.0,0.0,0.0,0.0,0.0,9.262161562402024,14.285491663810218,19.393166008700454,20.740794773762218,73.69055967117609
1662724928132,14.5,1.8,-12.9,0.0,0.0,0.0,0.0,0.0,0.0,0.0,11.166324245623192,15.128054600571142,20.306107248499814,20.645279100113235,74.061731504546
1662724929117,14.5,1.8,-12.9,0.0,0.0,0.0,0.0,0.0,0.0,0.0,14.444500210197218,14.637948089470253,16.106624478436213,21.98450658877357,74.59816526793689
1662724930102,14.5,1.8,-12.9,0.0,0.0,0.0,0.0,0.0,0.0,0.0,12.615385239424581,17.162526809921545,17.189929713743812,23.2982249462217,75.2740767373511
1662724931115,14.5,1.8,-12.9,0.0,0.0,0.0,0.0,0.0,0.0,0.0,12.900596814711298,18.332881389418965,19.80347657122819,25.118588692380303,76.12329495915922
1662724932115,14.5,1.8,-12.9,0.0,0.0,0.0,0.0,0.0,0.0,0.0,13.86543612798957,19.671088538891492,21.57928816467879,22.564424708904124,77.12344034486827
1662724933101,14.5,1.8,-12.9,0.0,0.0,0.0,0.0,0.0,0.0,0.0,14.716644333282321,15.190805457356111,18.585447374727984,21.764133476537616,78.2401541217734
1662724934101,14.5,1.8,-12.9,0.0,0.0,0.0,0.0,0.0,0.0,0.0,9.968782643848597,16.0387157369926,16.43567981107698,16.846593838027914,79.37491513426515
1662724935115,14.5,1.8,-12.9,0.0,0.0,0.0,0.0,0.0,0.0,0.0,9.701599144868712,12.748786122332369,16.87831757750384,18.74199164656154,80.37430537663718
1662724936114,14.5,1.8,-12.9,0.0,0.0,0.0,0.0,0.0,0.0,0.0,13.040437618695998,13.457400382786467,19.91221102844288,20.57660195937525,81.05821513690171
1662724937128,14.5,1.8,-12.9,0.0,0.0,0.0,0.0,0.0,0.0,0.0,15.140118815406954,19.078894484063266,19.644359333475578,19.910303531678313,81.35906519526631
1662724938114,14.5,1.8,-12.9,0.0,0.0,0.0,0.0,0.0,0.0,0.0,16.973147792430936,17.76771535748824,20.995051492728695,23.633519904465523,81.36743565049447
1662724939112,14.5,1.8,-12.9,0.0,0.0,0.0,0.0,0.0,0.0,0.0,16.383149571872803,20.49543446176584,20.6443852490085,23.50141942292587,81.21856707750541
1662724940114,14.5,1.8,-12.9,0.0,0.0,0.0,0.0,0.0,0.0,0.0,16.976893055770926,18.38316581777725,19.635858051738186,23.378742304709633,81.03887578074945
1662724941126,14.5,1.8,-12.9,0.0,0.0,0.0,0.0,0.0,0.0,0.0,13.094004404588896,20.89648525950489,22.85158602769051,26.882492769101408,80.95901151629324
1662724942125,14.5,1.8,-12.9,0.0,0.0,0.0,0.0,0.0,0.0,0.0,12.968910629345054,20.910588490248188,24.51388390364994,25.747141340483104,81.11084886100193
1662724943111,14.5,1.8,-12.9,0.0,0.0,0.0,0.0,0.0,0.0,0.0,14.097803258455409,15.998127275408358,20.95858527319479,30.204471742476127,81.61191191217019
1662724944113,14.5,1.8,-12.9,0.0,0.0,0.0,0.0,0.0,0.0,0.0,9.598056824362315,17.547135164193104,20.829918129378576,32.06095005955405,82.60683404408445
1662724945125,14.5,1.8,-12.9,0.0,0.0,0.0,0.0,0.0,0.0,0.0,10.08003345032317,16.3048446178498,25.089958384130504,26.630444878049676,84.24017209954873
1662724946125,14.5,1.8,-12.9,0.0,0.0,0.0,0.0,0.0,0.0,0.0,14.235981051777856,17.79993100183166,18.73454911469808,32.775344440163515,86.35869565633641
1662724947125,14.4,1.8,-13.1,0.22360679774997816,0.22360679774997816,0.0,0.0,0.0,0.0,0.0,13.82527709233625,19.994849513012717,21.570861662635092,32.009779342690194,88.18102759013885
1662724948098,14.5,1.3,-14.6,1.5033296378372907,1.545045876502868,0.0,0.0,0.0,0.0,0.0,12.757583296608125,26.774045656536963,27.669632961133306,28.075769574160745,89.35841851925655
1662724949109,14.5,1.5,-15.8,1.200000000000001,1.1869436201780428,0.0,0.0,0.0,0.0,0.0,16.206117805800268,22.275496251287976,24.443833986026377,33.30583863287986,91.29229249441796
1662724950110,14.3,1.5,-16.3,0.5385164807134502,0.537978502211239,0.0,0.0,0.0,0.0,0.0,15.034233976490219,21.348317786582957,22.779883351951156,36.523147427875855,94.2955602161113
1662724951123,14.2,1.9,-16.3,0.10000000000000142,0.0987166831194486,0.0,0.0,0.0,0.0,0.0,9.983714060634316,22.690911296898843,27.204328939017508,30.454422123109918,96.53958080734601
1662724952109,14.2,1.9,-16.3,0.0,0.0,0.0,0.0,0.0,0.0,0.0,9.296258572347881,22.690762451354132,25.27564062984161,33.47013815052445,99.41680162302477
1662724953116,14.2,1.9,-16.3,0.0,0.0,0.0,0.0,0.0,0.0,0.0,12.836674825121928,22.521817820345223,22.66007835074787,33.66994297457172,103.95261828414627
1662724954115,14.3,1.9,-16.4,0.141421356237309,0.14156291915646546,0.0,0.0,0.0,0.0,0.0,18.340391988765166,21.668219026883182,22.22707682378178,26.17696659989209,107.19875138627334
1662724955114,14.3,2.0,-16.3,0.09999999999999787,0.10010010010009797,0.0,0.0,0.0,0.0,0.0,19.189590270608917,21.068782185278415,21.3992665442374,24.334313122104774,106.77810047027957
1662724956115,14.3,2.0,-16.3,0.0,0.0,0.0,0.0,0.0,0.0,0.0,12.784729994076036,19.878656051446463,20.901601683953977,22.13044615792819,103.54633487319994
1662724957115,14.3,2.0,-16.3,0.0,0.0,0.0,0.0,0.0,0.0,0.0,9.476949712486181,17.02853421570121,19.470859643080708,19.53563394584758,99.5872291663998
1662724958113,14.3,2.0,-16.3,0.0,0.0,0.0,0.0,0.0,0.0,0.0,9.096103795175893,13.388853191972078,17.745633751204497,20.301277196728318,96.90207355521713
1662724959112,14.3,2.0,-16.3,0.0,0.0,0.0,0.0,0.0,0.0,0.0,9.434677996077458,12.49071348148335,16.28307742033159,19.43301129627737,95.99406110633717
1662724960111,14.4,2.0,-16.3,0.09999999999999964,0.10010010010009975,0.0,0.0,0.0,0.0,0.0,10.206298347813663,14.984472380331619,16.68190096962546,20.665800988432796,96.77323911143286
1662724961111,14.4,1.9,-16.3,0.0,0.0,0.0,0.0,0.0,0.0,0.0,11.963276817048907,19.4946615260719,19.644498612296008,23.811594535685717,98.19159492819276
1662724962110,14.4,2.0,-16.3,0.0,0.0,0.0,0.0,0.0,0.0,0.0,15.204764964621734,23.85605859127052,24.49061813447535,24.992649771009056,99.02584850854964
1662724963108,14.2,2.0,-16.2,0.22360679774998055,0.22405490756511076,0.0,0.0,0.0,0.0,0.0,16.982975275934354,19.929898132297357,21.45861860647525,21.484539437178032,98.28366669338763
1662724964107,13.3,2.0,-16.4,0.9219544457292872,0.9228773230523395,0.0,0.0,0.0,0.0,0.0,11.792517074925883,14.23441083850264,18.655599611761293,25.951816018414274,95.61574246558868
1662724965107,12.3,2.0,-16.7,1.0440306508910553,1.0440306508910553,0.0,0.0,0.0,0.0,0.0,8.066463736169634,11.22422415865603,17.85009635270425,23.97114974995336,91.58262767895546
1662724966103,12.3,2.0,-15.6,1.0999999999999996,1.1044176706827307,0.0,0.0,0.0,0.0,0.0,7.339245048121212,14.327491227949258,19.43595600543272,21.223987039629954,88.43940022006542
1662724967106,11.5,2.0,-15.5,0.8062257748298556,0.8038143318343526,0.0,0.0,0.0,0.0,0.0,10.722019763841615,16.733656773437325,19.179641716495308,25.58245777869725,86.93193003935725
1662724968106,10.7,2.0,-15.9,0.8944271909999166,0.8944271909999166,0.0,0.0,0.0,0.0,0.0,16.54484153376435,16.78012577482246,25.35745717263001,30.646216454085597,87.05246463637359
1662724969107,10.0,2.0,-15.8,0.7071067811865468,0.7064003808057411,0.0,0.0,0.0,0.0,0.0,19.522511447443605,23.055549218939994,31.242460817116235,31.490926052240887,87.72639628943094
1662724970106,10.0,2.0,-15.6,0.20000000000000107,0.20020020020020127,0.0,0.0,0.0,0.0,0.0,22.53513535565866,25.087957393156096,29.169336880914635,29.529203737831782,88.583026942261
1662724971106,10.0,2.0,-15.6,0.0,0.0,0.0,0.0,0.0,0.0,0.0,15.1837335989848,23.157190319941474,30.96097355115341,35.25516193986472,89.42828600034957
1662724972107,10.0,2.0,-15.5,0.09999999999999964,0.09990009990009956,0.0,0.0,0.0,0.0,0.0,9.664985760202345,17.692174724910448,29.104941339478508,31.724308657979428,90.06537701565153
1662724973108,10.0,2.0,-15.4,0.09999999999999964,0.09990009990009956,0.0,0.0,0.0,0.0,0.0,8.183915456093091,13.422147833910204,23.517509053740838,24.984158805897938,90.29636096282017
1662724974105,10.0,2.0,-15.4,0.0,0.0,0.0,0.0,0.0,0.0,0.0,11.503883849048663,11.806510191800477,18.22855581337826,18.834669194618446,89.92723167171935
1662724975106,9.9,2.0,-15.5,0.141421356237309,0.14128007616114788,0.0,0.0,0.0,0.0,0.0,11.440190002176642,13.61826709181028,14.960577830351998,15.697943984988475,88.87557642715333
1662724976104,9.6,2.0,-15.6,0.3162277660168385,0.31686148899482813,0.0,0.0,0.0,0.0,0.0,7.731049374886726,11.727125515121811,14.876094171297414,18.67195606077506,87.40841897124771
1662724977105,9.6,2.0,-15.6,0.0,0.0,0.0,0.0,0.0,0.0,0.0,5.425982537900588,12.097958710949438,16.49155022356543,17.373774755729904,85.84059688132604
1662724978105,9.6,2.0,-15.6,0.0,0.0,0.0,0.0,0.0,0.0,0.0,4.487690843927612,12.508301670404045,15.77401775527887,17.219169608355514,84.46205734381053
1662724979104,9.2,2.0,-15.6,0.40000000000000036,0.40040040040040076,0.0,0.0,0.0,0.0,0.0,7.988356412730973,10.258629521378863,11.114128204265912,20.559128441045356,83.44004239880148
1662724980104,8.8,2.0,-15.5,0.41231056256176457,0.41231056256176457,0.0,0.0,0.0,0.0,0.0,6.631836846742269,13.243064726716296,13.976864021330774,15.608616269738592,82.91929820319865
1662724981104,8.0,2.0,-15.5,0.8000000000000007,0.8000000000000007,0.0,0.0,0.0,0.0,0.0,6.012918887727438,9.598876186507928,10.881916617718888,16.34327131659247,83.0478632128087
1662724982103,7.1,2.0,-15.2,0.9486832980505143,0.9496329309814958,0.0,0.0,0.0,0.0,0.0,5.282080260956628,5.990065810660406,9.114193180117947,19.186618123419652,83.85047501167656
1662724983116,6.2,1.9,-15.4,0.9219544457292884,0.9101228486962374,0.0,0.0,0.0,0.0,0.0,5.567577960202047,7.323618619315654,10.742266903445659,20.849305029588955,85.01486560451919
1662724984113,5.8,1.9,-14.5,0.9848857801796109,0.9878493281641032,0.0,0.0,0.0,0.0,0.0,6.417742432480773,12.351677982669337,14.169414117708419,14.801441403204585,86.10882723318029
1662724985117,5.0,1.9,-14.7,0.8246211251235317,0.8213357819955495,0.0,0.0,0.0,0.0,0.0,6.191170784955232,10.670845192322082,16.604302479953184,18.880688130638664,86.63785183363431
1662724986113,4.2,1.9,-14.2,0.9433981132056602,0.9471868606482533,0.0,0.0,0.0,0.0,0.0,6.805787029607616,10.100897717816293,15.12244741658592,20.01783374820399,85.73772211043367
1662724987114,3.3,1.9,-13.7,1.0295630140987002,1.0285344796190812,0.0,0.0,0.0,0.0,0.0,6.891214250759979,9.602181753447088,14.228315850069508,23.745128819710125,82.48246882593263
1662724988113,2.3,1.9,-13.7,1.0,1.001001001001001,0.0,0.0,0.0,0.0,0.0,6.5048575879806725,6.740252567194044,17.18768101803169,20.327657401214438,77.48835856805475
1662724989113,1.7,1.9,-13.5,0.6324555320336754,0.6324555320336754,0.0,0.0,0.0,0.0,0.0,4.193248102138609,6.936428251289921,11.385877895632131,25.856978188342943,74.28588664863024
1662724990114,1.3,1.9,-12.7,0.8944271909999164,0.893533657342574,0.0,0.0,0.0,0.0,0.0,4.07776256921219,7.105937254059435,8.41069551380868,18.580100233488093,73.14139938768565
1662724991112,0.3,1.9,-12.5,1.0198039027185568,1.0218475979143855,0.0,0.0,0.0,0.0,0.0,6.537257097258795,6.84820746451611,8.586416863463166,12.070448956021998,73.59559548808143
1662724992110,-0.6,1.9,-12.3,0.9219544457292885,0.9238020498289464,0.0,0.0,0.0,0.0,0.0,6.0212200779316465,6.233063312633208,7.925759349257567,15.356600440246066,75.18594008270284
1662724993113,-1.5,1.9,-12.6,0.9486832980505135,0.945845760768209,0.0,0.0,0.0,0.0,0.0,5.237108275245488,6.252277175441977,7.737021319520623,13.355847514063367,77.46849752070082
1662724994106,-2.0,1.9,-12.0,0.7810249675906652,0.7865306823672359,0.0,0.0,0.0,0.0,0.0,3.2439681505715967,6.915736920122735,9.34647461930971,10.022717896654013,79.95006039300462
1662724995107,-3.0,1.9,-12.0,1.0,0.9990009990009991,0.0,0.0,0.0,0.0,0.0,6.579726953093926,6.807256597242458,7.365972156247857,8.27476030143076,82.21742697243437
1662724996107,-3.9,1.9,-12.6,1.0816653826391966,1.0816653826391966,0.0,0.0,0.0,0.0,0.0,5.916350858586558,6.883426110953426,11.827595467291399,12.062923552342669,83.91152032762633
1662724997109,-4.9,1.9,-12.4,1.0198039027185573,1.0177683659865842,0.0,0.0,0.0,0.0,0.0,6.583530501098644,7.399190283748833,10.415583319832017,11.319761901681403,85.05474292596097
1662724998111,-5.8,1.9,-12.2,0.9219544457292884,0.920114217294699,0.0,0.0,0.0,0.0,0.0,6.9100312830634,8.774530407597734,11.138630579585866,11.214069997004694,85.72601274307866
1662724999111,-6.8,1.9,-12.1,1.004987562112089,1.004987562112089,0.0,0.0,0.0,0.0,0.0,7.005085987646795,8.78233193744432,14.573767422216038,15.781662445190264,86.00801396041494
1662725010646,48.2,0.3,23.8,0.0,0.0,0.0,0.0,0.0,0.0,0.0,,,,,92.62958142435136
1662725011650,14.4,2.0,-16.3,0.0,0.0,0.0,0.0,0.0,0.0,0.0,126.0596108426127,126.97187434227156,,,91.41115928882907
1662725012651,14.3,2.0,-16.3,0.09999999999999964,0.09990009990009956,0.0,0.0,0.0,0.0,0.0,125.9755138965462,126.95457271438934,,,90.3119922879401
1662725013640,13.8,2.0,-15.9,0.6403124237432851,0.6474341999426543,0.0,0.0,0.0,0.0,0.0,126.27959345099114,126.59928346638246,,,89.45621812744768
1662725014641,13.1,2.0,-16.2,0.7615773105863913,0.7608164940922991,0.0,0.0,0.0,0.0,0.0,125.64966832537634,127.05369860671883,,,88.8001705983736
1662725015637,12.2,2.0,-16.5,0.9486832980505143,0.9524932711350546,0.0,0.0,0.0,0.0,0.0,123.54625234501934,127.01962331871523,,,88.33172930816673
1662725016638,11.2,2.0,-16.7,1.0198039027185568,1.018785117600956,0.0,0.0,0.0,0.0,0.0,117.84909170118084,122.9013660335607,,,88.02049357776878
1662725017638,10.2,2.0,-16.9,1.0198039027185568,1.0198039027185568,0.0,0.0,0.0,0.0,0.0,109.38894041880421,115.31120677910675,,,87.84357119952996
1662725018641,9.3,2.0,-17.0,0.9055385138137404,0.902830023742513,0.0,0.0,0.0,0.0,0.0,100.33382959244827,106.99709889545103,,,87.7747789800317
1662725019638,9.0,2.0,-16.1,0.9486832980505127,0.9515379117858702,0.0,0.0,0.0,0.0,0.0,92.32786580388813,97.73009114980452,,,87.78859709979388
1662725020638,8.2,2.0,-15.7,0.8944271909999174,0.8944271909999174,0.0,0.0,0.0,0.0,0.0,83.78038162724211,88.9182593855873,,,87.85909038098107
1662725021637,7.2,2.0,-15.8,1.0049875621120883,1.005993555667756,0.0,0.0,0.0,0.0,0.0,74.71010232682295,80.56341634110348,,,87.9604921111951
1662725022637,6.2,1.9,-15.6,1.0198039027185573,1.0198039027185573,0.0,0.0,0.0,0.0,0.0,65.96168123107778,71.91879391738345,,,88.06412404989563
1662725023638,6.2,1.9,-15.6,0.0,0.0,0.0,0.0,0.0,0.0,0.0,57.05671224125213,63.57970311322647,,,88.09977418583263
1662725024641,6.3,1.9,-15.3,0.3162277660168368,0.3152819202560686,0.0,0.0,0.0,0.0,0.0,48.492321696830814,55.00118920810736,,,87.96769770448445
1662725025638,6.3,1.9,-15.2,0.10000000000000142,0.1003009027081258,0.0,0.0,0.0,0.0,0.0,39.719333325656606,46.6169758160944,,,87.5707820964032
1662725026637,6.4,1.9,-15.4,0.22360679774998016,0.22383062837835851,0.0,0.0,0.0,0.0,0.0,30.691477123082194,38.58573608135207,,,86.8083383443737
1662725027638,6.4,1.9,-15.4,0.0,0.0,0.0,0.0,0.0,0.0,0.0,21.901986636226727,31.343031451099446,,,85.5787404486973
1662725028638,6.4,1.9,-15.4,0.0,0.0,0.0,0.0,0.0,0.0,0.0,13.286842788573846,24.859042801153176,,,83.84211802370011
1662725029637,6.3,1.9,-15.4,0.10000000000000053,0.10010010010010063,0.0,0.0,0.0,0.0,0.0,6.72086125921857,18.567663686333553,126.75930592463554,,82.28752559196249
1662725030648,5.7,1.9,-15.8,0.7211102550927978,0.7132643472727971,0.0,0.0,0.0,0.0,0.0,4.01988931353553,12.812078965568439,127.12847734398278,127.55558000171514,82.03741906659022
1662725031637,5.0,1.9,-15.2,0.9219544457292898,0.9322087418900806,0.0,0.0,0.0,0.0,0.0,7.477854799693018,8.148454355721402,126.4102752450427,128.11763372142636,83.19408629307271
1662725032649,4.1,1.9,-15.4,0.9219544457292893,0.9110221795743966,0.0,0.0,0.0,0.0,0.0,6.869629416788806,14.800195952726252,126.4440065065326,127.74745254769034,85.21449273024174
1662725033649,3.4,1.9,-16.1,0.9899494936611671,0.9899494936611671,0.0,0.0,0.0,0.0,0.0,11.340874820904114,22.15055946928588,126.68343909932953,127.00635176976549,87.445497538682
1662725034649,2.6,2.0,-15.7,0.8944271909999166,0.8944271909999166,0.0,0.0,0.0,0.0,0.0,19.255594333317585,28.483064102523226,124.65164550718931,126.20523007978007,89.42825429518146
1662725035649,1.7,2.0,-15.3,0.98488578017961,0.98488578017961,0.0,0.0,0.0,0.0,0.0,27.77079697250442,34.85708419901347,118.06134636681469,123.60812621376822,90.76083349058098
1662725036649,0.8,1.9,-14.8,1.0295630140987,1.0295630140987,0.0,0.0,0.0,0.0,0.0,34.486048012863435,41.59453593139793,109.9217107796951,117.80198011436312,91.07956680741854
1662725037641,-0.1,2.0,-14.7,0.9055385138137418,0.9128412437638527,0.0,0.0,0.0,0.0,0.0,39.84021778583995,48.941743426690216,102.40978350115225,110.63838291227933,90.48472798091282
1662725038641,-0.8,2.0,-14.7,0.7000000000000001,0.7000000000000001,0.0,0.0,0.0,0.0,0.0,45.21977706545855,54.37698874629197,94.84616870344966,103.45272733206664,89.36558814566031
1662725039646,-1.6,1.9,-14.4,0.8544003745317529,0.8501496263997542,0.0,0.0,0.0,0.0,0.0,50.92212511248104,59.57215721810666,86.9680618051687,96.53218676757828,88.12539353144491
1662725040647,-2.4,1.9,-13.9,0.9433981132056602,0.9424556575481122,0.0,0.0,0.0,0.0,0.0,56.80221279272501,64.49547083848125,79.02476099876321,89.81790108196083,87.18492651960757
1662725041648,-3.4,1.9,-13.6,1.0440306508910553,1.0429876632278277,0.0,0.0,0.0,0.0,0.0,62.47153600171434,69.64482229115542,71.19778503396275,82.94259874635313,86.91985701453444
1662725042648,-4.3,1.9,-13.2,0.9848857801796105,0.9848857801796105,0.0,0.0,0.0,0.0,0.0,63.30918806133114,68.27265990739437,74.71954732883256,76.1892971092626,87.36102130894656
1662725043647,-5.3,1.9,-12.9,1.0440306508910548,1.0450757266176725,0.0,0.0,0.0,0.0,0.0,55.550524388256214,69.37878622619404,73.94968519080105,79.8643783244689,88.30168606080177
1662725044647,-6.2,1.9,-12.6,0.9486832980505143,0.9486832980505143,0.0,0.0,0.0,0.0,0.0,47.804645286225394,62.579701959933146,79.6657944407168,85.0481233817042,89.53446983444803
1662725045646,-7.2,1.9,-12.3,1.0440306508910548,1.0450757266176725,0.0,0.0,0.0,0.0,0.0,85.40404734197631,90.21999274445065,,,90.90231419996245
