Timestamp,x,y,z,Distance,Speed,a,b,c,a Change,b Change,c Change,Angle Change,Angular Speed,Car Dist 1,Car Dist 2,Car Dist 3,Car Dist 4,Heart Rate
1662639464000,,,,,,,,,,,,,,,,,,77.0
1662639465000,,,,,,,,,,,,,,,,,,76.09181939139786
1662639466000,,,,,,,,,,,,,,,,,,75.36240984342314
1662639467000,,,,,,,,,,,,,,,,,,74.8001472431859
1662639468000,,,,,,,,,,,,,,,,,,74.39340747779625
1662639469000,,,,,,,,,,,,,,,,,,74.13056643436425
1662639470000,,,,,,,,,,,,,,,,,,74.0
1662639471000,,,,,,,,,,,,,,,,,,73.99008406181355
1662639472000,,,,,,,,,,,,,,,,,,74.08919450691502
1662639473000,,,,,,,,,,,,,,,,,,74.28570722241443
1662639474000,,,,,,,,,,,,,,,,,,74.56799809542193
1662639475000,,,,,,,,,,,,,,,,,,74.92444301304754
1662639476000,,,,,,,,,,,,,,,,,,75.34341786240137
1662639477000,,,,,,,,,,,,,,,,,,75.81329853059349
1662639478000,,,,,,,,,,,,,,,,,,76.32246090473397
1662639479000,,,,,,,,,,,,,,,,,,76.85928087193294
1662639480000,,,,,,,,,,,,,,,,,,77.4121343193004
1662639481000,,,,,,,,,,,,,,,,,,77.9693971339465
1662639482000,,,,,,,,,,,,,,,,,,78.51944520298129
1662639483000,,,,,,,,,,,,,,,,,,79.05065441351485
1662639484000,,,,,,,,,,,,,,,,,,79.55140065265724
1662639485000,,,,,,,,,,,,,,,,,,80.01005980751856
1662639486000,,,,,,,,,,,,,,,,,,80.41500776520891
1662639487000,,,,,,,,,,,,,,,,,,80.75462041283834
1662639488000,,,,,,,,,,,,,,,,,,81.01727363751692
1662639489000,,,,,,,,,,,,,,,,,,81.19134332635478
1662639490000,,,,,,,,,,,,,,,,,,81.26520536646194
1662639491000,,,,,,,,,,,,,,,,,,81.22723564494854
1662639492000,,,,,,,,,,,,,,,,,,81.06581004892459
1662639493000,,,,,,,,,,,,,,,,,,80.76930446550023
1662639494000,,,,,,,,,,,,,,,,,,80.3260947817855
1662639495000,,,,,,,,,,,,,,,,,,79.7245568848905
1662639496000,,,,,,,,,,,,,,,,,,78.95306666192532
1662639497000,,,,,,,,,,,,,,,,,,78.0
1662639498000,,,,,,,,,,,,,,,,,,76.89842830646062
1662639499000,,,,,,,,,,,,,,,,,,75.86020506959696
1662639500000,,,,,,,,,,,,,,,,,,75.14187929793484
1662639501000,,,,,,,,,,,,,,,,,,75.0
1662639502000,,,,,,,,,,,,,,,,,,75.59487429417689
1662639503000,,,,,,,,,,,,,,,,,,76.70184173828437
1662639504000,,,,,,,,,,,,,,,,,,78.0
1662639505000,,,,,,,,,,,,,,,,,,79.22255988320539
1662639506000,,,,,,,,,,,,,,,,,,80.3191847365985
1662639507000,,,,,,,,,,,,,,,,,,81.2936510450815
1662639508000,,,,,,,,,,,,,,,,,,82.14973529355645
1662639509000,,,,,,,,,,,,,,,,,,82.89121396692545
1662639510000,,,,,,,,,,,,,,,,,,83.5218635500906
1662639511000,,,,,,,,,,,,,,,,,,84.04546052795402
1662639512000,,,,,,,,,,,,,,,,,,84.46578138541778
1662639513000,,,,,,,,,,,,,,,,,,84.78660260738398
1662639514000,,,,,,,,,,,,,,,,,,85.01170067875475
1662639515000,,,,,,,,,,,,,,,,,,85.14485208443216
1662639516000,,,,,,,,,,,,,,,,,,85.18983330931833
1662639517000,,,,,,,,,,,,,,,,,,85.15042083831534
1662639518000,,,,,,,,,,,,,,,,,,85.03039115632532
1662639519000,,,,,,,,,,,,,,,,,,84.83352074825032
1662639520000,,,,,,,,,,,,,,,,,,84.56358609899249
1662639521000,,,,,,,,,,,,,,,,,,84.22436369345388
1662639522000,,,,,,,,,,,,,,,,,,83.81963001653662
1662639523000,,,,,,,,,,,,,,,,,,83.35316155314283
1662639524000,,,,,,,,,,,,,,,,,,82.82873478817457
1662639525000,,,,,,,,,,,,,,,,,,82.25012620653395
1662639526000,,,,,,,,,,,,,,,,,,81.62111229312308
1662639527000,,,,,,,,,,,,,,,,,,80.94546953284406
1662639528000,,,,,,,,,,,,,,,,,,80.22697441059894
1662639529000,,,,,,,,,,,,,,,,,,79.46940341128989
1662639530000,,,,,,,,,,,,,,,,,,78.676533019819
1662639531000,,,,,,,,,,,,,,,,,,77.85213972108835
1662639532000,14.0,1.8,-15.8,0.0,0.0,0.0,0.0,0.0,0.0,0.0,0.0,0.0,0.0,8.984307642034276,10.6215026664539,13.537546350109082,23.567566703509613,77.0
1662639533000,14.0,1.8,-15.8,0.0,0.0,0.0,0.0,0.0,0.0,0.0,0.0,0.0,0.0,9.211200580904773,10.23818612168981,13.215743891275606,23.56150561656301,76.1334293009856
1662639534000,14.0,1.8,-15.8,0.0,0.0,0.0,0.0,0.0,0.0,0.0,0.0,0.0,0.0,9.677246402034173,9.677960336971509,12.760528422239183,23.559903238586518,75.30389890659474
1662639535000,14.0,1.8,-15.8,0.0,0.0,0.0,0.0,0.0,0.0,0.0,0.0,0.0,0.0,9.083180529160698,10.497300755846801,12.291033459902144,23.558477559985118,74.5724190589065
1662639536000,14.0,1.8,-15.8,0.0,0.0,0.0,0.0,0.0,0.0,0.0,0.0,0.0,0.0,8.717173091199957,11.76879147332595,12.002903546863072,23.556583510750954,74.0
1662639537000,14.0,1.8,-15.8,0.0,0.0,0.0,0.0,0.0,0.0,0.0,0.0,0.0,0.0,8.631316821329044,12.098050247552626,13.567404012762193,23.11984366889197,73.6304703502109
1662639538000,13.9994,1.8003,-15.799100000000001,0.0010816653826391392,0.0010816653826391392,0.0,0.0,0.0,0.0,0.0,0.0,0.0,0.0,9.120155933681044,12.149828531654007,15.895963975891162,21.283482238659822,73.43893224290127
1662639539000,13.7984984984985,1.9,-15.497297297297298,0.36255521602124774,0.36255521602124774,0.0,0.0,0.0,0.0,0.0,0.0,0.0,0.0,9.052275010959093,11.906765654305262,18.400019930846163,20.203797307124713,73.38330618968976
1662639540000,13.297600000000001,1.9,-14.5968,1.030434223149536,1.030434223149536,0.0,0.0,0.0,0.0,0.0,0.0,0.0,0.0,8.282709059740162,11.31714357892844,18.51815343446727,20.698235788264014,73.42151270219507
1662639541000,12.697635467980295,1.9,-13.796847290640395,0.9999408866995079,0.9999408866995079,0.0,0.0,0.0,0.0,0.0,0.0,0.0,0.0,7.499482883990621,10.69336818217408,16.682670797551747,19.03347061474412,73.51147229203586
1662639542000,12.106502463054188,1.9,-13.008669950738916,0.985221674876847,0.985221674876847,0.0,0.0,0.0,0.0,0.0,0.0,0.0,0.0,6.783669470926528,10.117490261529255,14.911604705994648,17.579153578862275,73.61110547083076
1662639543000,11.605005005005005,1.9,-12.208008008008008,0.9447535376845246,0.9447535376845246,0.0,0.0,0.0,0.0,0.0,0.0,0.0,0.0,6.234508356249955,9.620898023784221,13.555980775317547,16.70675932453237,73.67833275019845
1662639544000,11.104504504504504,1.9,-11.308108108108108,1.0297186901484798,1.0297186901484798,0.0,0.0,0.0,0.0,0.0,0.0,0.0,0.0,5.739757966028025,9.111374417037135,13.03854927191154,16.755715563522458,73.6710746417576
1662639545000,11.1,1.9,-10.408100000000001,0.9000193804697569,0.9000193804697569,0.0,0.0,0.0,0.0,0.0,0.0,0.0,0.0,5.737374120100453,9.132072616235597,14.315633387964159,18.48646410496714,73.54725165712685
1662639546000,11.0009,1.9,-10.201799999999999,0.22886786580907545,0.22886786580907545,0.0,0.0,0.0,0.0,0.0,0.0,0.0,0.0,5.749508263013805,9.386098010851947,16.420616494376066,20.067904078526762,73.2647843079249
1662639547000,10.9009,1.9,-9.6054,0.6047255245150472,0.6047255245150472,0.0,0.0,0.0,0.0,0.0,0.0,0.0,0.0,6.040907627901871,10.063075355270522,15.590629142536702,16.697115687562707,72.7815931057704
1662639548000,10.9,1.9,-8.608008008008008,0.9973923980509136,0.9973923980509136,0.0,0.0,0.0,0.0,0.0,0.0,0.0,0.0,6.678578526850505,11.195447232132029,12.795780162428999,16.312714725157843,72.05559856228197
1662639549000,10.7016,1.9,-7.7072,0.9223977598039558,0.9223977598039558,0.0,0.0,0.0,0.0,0.0,0.0,0.0,0.0,7.717044456331276,12.831273235792368,14.024822502939738,19.06002069341716,71.04472118907833
1662639550000,10.5014014014014,1.9,-6.707007007007007,1.020032108373616,1.020032108373616,0.0,0.0,0.0,0.0,0.0,0.0,0.0,0.0,9.296541602225084,15.049734289515017,18.697796405802375,22.093679389746825,69.70688149777811
1662639551000,10.400501002004008,1.9,-5.70501002004008,1.0070644728563078,1.0070644728563078,0.0,0.0,0.0,0.0,0.0,0.0,0.0,0.0,11.503625701776581,17.55169681392133,17.93631149968197,21.731333513257603,68.0
1662639552000,10.2008008008008,1.9,-4.7040040040040045,1.020731705445176,1.020731705445176,0.0,0.0,0.0,0.0,0.0,0.0,0.0,0.0,12.707051358177077,14.205970950606229,15.776571299125681,21.350449318472986,66.09314800342705
1662639553000,10.0008,1.9,-3.8036,0.9223490070181706,0.9223490070181706,0.0,0.0,0.0,0.0,0.0,0.0,0.0,0.0,10.076217639179964,12.10994222660722,17.50911371925182,17.55661095065628,65.0
1662639554000,10.0,1.9,-3.8,0.0036878177829171824,0.0036878177829171824,0.0,0.0,0.0,0.0,0.0,0.0,0.0,0.0,10.035078303928142,12.378702984463494,13.230919291513146,15.342191165605763,65.58052820999637
1662639555000,10.0,1.9,-3.8,0.0,0.0,0.0,0.0,0.0,0.0,0.0,0.0,0.0,0.0,10.03775202098489,10.250355466360547,13.983830068096745,15.730260340879058,67.23529258278323
1662639556000,10.0,1.9,-3.8,0.0,0.0,0.0,0.0,0.0,0.0,0.0,0.0,0.0,0.0,8.315309731980008,10.03697928860864,11.9728947468938,16.65265326996772,69.0
1662639557000,10.0,1.9,-3.7005005005005005,0.09949949949949932,0.09949949949949932,0.0,0.0,0.0,0.0,0.0,0.0,0.0,0.0,8.396581151977124,10.124861809974547,12.407327505021536,14.810405365030746,70.10691899419639
1662639558000,9.5025,1.9,-3.899,0.5356382186714763,0.5356382186714763,0.0,0.0,0.0,0.0,0.0,0.0,0.0,0.0,9.653513760533988,10.762195201395945,12.364160358988729,13.632641493012741,70.57456470156318
1662639559000,8.802802802802804,1.9,-4.099199199199199,0.7277746128614354,0.7277746128614354,0.0,0.0,0.0,0.0,0.0,0.0,0.0,0.0,8.745253266273263,10.63872046694927,12.972999926736083,14.985090179729214,70.61801390920137
1662639560000,8.8,1.9,-4.1,0.002914958914626872,0.002914958914626872,0.0,0.0,0.0,0.0,0.0,0.0,0.0,0.0,7.926278595536994,10.724698918650713,12.487621028032313,13.938389883457157,70.45234340421203
1662639561000,8.8,1.9,-4.1,0.0,0.0,0.0,0.0,0.0,0.0,0.0,0.0,0.0,0.0,6.7561602217770185,10.724536585950755,11.64801615083686,12.712702728729408,70.29262997369618
1662639562000,8.7004,1.9,-4.1996,0.14085567081236108,0.14085567081236108,0.0,0.0,0.0,0.0,0.0,0.0,0.0,0.0,6.471931770345797,10.358439183929528,10.613210097512365,12.349141062592432,70.35395040475488
1662639563000,7.704000000000001,1.9,-4.2,0.9964000802890368,0.9964000802890368,0.0,0.0,0.0,0.0,0.0,0.0,0.0,0.0,5.996232492822653,8.281128389838598,9.62468856666952,11.588743695454887,70.85138148448914
1662639564000,6.803599999999999,1.8004,-4.0008,0.9221717844306463,0.9221717844306463,0.0,0.0,0.0,0.0,0.0,0.0,0.0,0.0,5.875118060331882,6.175885876439205,8.888263619244318,10.632708531330154,72.0
1662639565000,6.002402402402402,1.8,-4.0,0.801197996999594,0.801197996999594,0.0,0.0,0.0,0.0,0.0,0.0,0.0,0.0,4.185440524917778,5.713341879868107,8.801769374270908,9.349856411089378,73.75099442754404
1662639566000,5.201601601601602,1.8,-4.299399399399399,0.854939718883106,0.854939718883106,0.0,0.0,0.0,0.0,0.0,0.0,0.0,0.0,4.07045814544749,5.362894115589075,7.66235048717657,8.419296389022929,75.0
1662639567000,5.2,1.8,-4.3,0.0017105112603236798,0.0017105112603236798,0.0,0.0,0.0,0.0,0.0,0.0,0.0,0.0,5.362308124303377,6.729711682159963,6.89047518371008,6.9674431111293,74.74718760950653
1662639568000,4.3008999999999995,1.8,-4.399900000000001,0.9046329752999287,0.9046329752999287,0.0,0.0,0.0,0.0,0.0,0.0,0.0,0.0,5.345293349640452,6.1763534058901906,7.346126137216206,9.016679804810915,73.4664240286197
1662639569000,3.4009,1.8,-3.9005,1.0292717619754268,1.0292717619754268,0.0,0.0,0.0,0.0,0.0,0.0,0.0,0.0,5.631958718195735,6.046291802514786,6.368777502914483,11.054143128347727,72.0
1662639570000,2.9995995995995997,1.8,-2.9994994994994997,0.9863285016989389,0.9863285016989389,0.0,0.0,0.0,0.0,0.0,0.0,0.0,0.0,5.984619607212497,6.730529773088476,6.838738375525603,9.66603856571644,71.03279762728783
1662639571000,2.599,1.8,-2.499,0.6410770532460267,0.6410770532460267,0.0,0.0,0.0,0.0,0.0,0.0,0.0,0.0,6.524983161773956,6.825151125826563,6.988651813936841,10.578396439592318,70.62006445804329
1662639572000,2.0988,1.8,-1.999,0.7072482166820925,0.7072482166820925,0.0,0.0,0.0,0.0,0.0,0.0,0.0,0.0,3.900926143332556,6.792339562825591,7.409361147416859,14.97227896981736,70.65963940080651
1662639573000,1.4992,1.8,-1.4998,0.7802056139249449,0.7802056139249449,0.0,0.0,0.0,0.0,0.0,0.0,0.0,0.0,6.192779634395321,6.782740618888699,7.5126118182037365,14.941949386058694,71.04936136411754
1662639574000,1.1,1.8,-1.4,0.4114859414366426,0.4114859414366426,0.0,0.0,0.0,0.0,0.0,0.0,0.0,0.0,6.844911567152179,6.875604799643658,10.341816721751474,12.120032945401375,71.68706925651644
1662639575000,1.0979979979979981,1.8,-1.3994994994994994,0.002063616429238035,0.002063616429238035,0.0,0.0,0.0,0.0,0.0,0.0,0.0,0.0,5.683020404057524,6.5200178030712035,6.833648930438559,13.832036841933114,72.47060198654333
1662639576000,0.6940769990128332,1.8,-1.3005923000987167,0.41585431044354926,0.41585431044354926,0.0,0.0,0.0,0.0,0.0,0.0,0.0,0.0,4.483159927466903,6.561123836300453,6.878709123649333,8.060450613250874,73.29779846273827
1662639577000,-0.29308983218163864,1.8,-1.3993089832181638,0.9920903870800483,0.9920903870800483,0.0,0.0,0.0,0.0,0.0,0.0,0.0,0.0,4.299897205482069,4.953401830793152,5.942299294406335,6.716421491592411,74.06649759364133
1662639578000,-1.1945945945945944,1.8,-1.3006006006006006,0.9068925964259577,0.9068925964259577,0.0,0.0,0.0,0.0,0.0,0.0,0.0,0.0,3.928234228372204,6.322679012148381,6.950904331512952,8.744616105320222,74.67453828779259
1662639579000,-2.194994994994995,1.8,-1.1010010010010012,1.0201181114369073,1.0201181114369073,0.0,0.0,0.0,0.0,0.0,0.0,0.0,0.0,3.7219672101750465,6.929634238416071,7.511162000539135,11.315957874399738,75.0197594537321
1662639580000,-3.1950000000000003,1.8,-0.8015000000000001,1.04389216858623,1.04389216858623,0.0,0.0,0.0,0.0,0.0,0.0,0.0,0.0,3.6824155926343765,6.863891966963913,8.439824005844425,11.202310378741576,75.0
1662639581000,-4.092821535393818,1.8,-0.8992023928215355,0.9031219557623245,0.9031219557623245,0.0,0.0,0.0,0.0,0.0,0.0,0.0,0.0,4.184147152855428,6.267992971858405,9.864372384722659,11.418590928492318,74.55665366082017
1662639582000,-4.9928,1.8,-1.396,1.0279927525294856,1.0279927525294856,0.0,0.0,0.0,0.0,0.0,0.0,0.0,0.0,5.1529677705214825,7.397286890313035,10.596631550403563,10.924876115046477,73.80533347315203
1662639583000,-5.905994005994006,1.8,-1.3005994005994006,0.9181636928943413,0.9181636928943413,0.0,0.0,0.0,0.0,0.0,0.0,0.0,0.0,5.496698731367028,8.953631736797572,11.156566923683913,11.173885428525065,72.9052072996388
1662639584000,-6.885522915458046,1.799604451242023,-1.3933284109487896,0.9839083056038246,0.9839083056038246,0.0,0.0,0.0,0.0,0.0,0.0,0.0,0.0,14.21140201671211,17.051539004156055,32.333215341531485,37.68962555924606,72.01544300292376
1662639585000,,,,,,,,,,,,,,,,,,71.2952084456501
1662639586000,,,,,,,,,,,,,,,,,,70.90367149046111
1662639587000,,,,,,,,,,,,,,,,,,71.0
1662639588000,,,,,,,,,,,,,,,,,,71.68439783922103
1662639589000,,,,,,,,,,,,,,,,,,72.82121288232236
1662639590000,,,,,,,,,,,,,,,,,,74.21582900581319
1662639591000,,,,,,,,,,,,,,,,,,75.67363008620268
1662639592000,,,,,,,,,,,,,,,,,,77.0
1662639593000,,,,,,,,,,,,,,,,,,78.03975998627041
1662639594000,,,,,,,,,,,,,,,,,,78.79548073430347
1662639595000,,,,,,,,,,,,,,,,,,79.30917029594481
1662639596000,,,,,,,,,,,,,,,,,,79.62283672304008
1662639597000,,,,,,,,,,,,,,,,,,79.77848806743492
1662639598000,,,,,,,,,,,,,,,,,,79.81813238097497
1662639599000,,,,,,,,,,,,,,,,,,79.78377771550589
1662639600000,,,,,,,,,,,,,,,,,,79.71743212287329
1662639601000,,,,,,,,,,,,,,,,,,79.66110365492284
1662639602000,,,,,,,,,,,,,,,,,,79.65680036350015
1662639603000,,,,,,,,,,,,,,,,,,79.74653030045089
1662639604000,,,,,,,,,,,,,,,,,,79.97230151762066
1662639605000,,,,,,,,,,,,,,,,,,80.37612206685517
1662639606000,,,,,,,,,,,,,,,,,,81.0
1662639607000,,,,,,,,,,,,,,,,,,81.86873538943627
1662639608000,,,,,,,,,,,,,,,,,,82.93829638968687
1662639609000,,,,,,,,,,,,,,,,,,84.14744317581018
1662639610000,,,,,,,,,,,,,,,,,,85.43493592286457
1662639611000,,,,,,,,,,,,,,,,,,86.73953480590839
1662639612000,,,,,,,,,,,,,,,,,,88.0
1662639613000,,,,,,,,,,,,,,,,,,89.16581527261278
1662639614000,,,,,,,,,,,,,,,,,,90.22935876088012
1662639615000,,,,,,,,,,,,,,,,,,91.19373219435047
1662639616000,,,,,,,,,,,,,,,,,,92.06203730257221
1662639617000,,,,,,,,,,,,,,,,,,92.83737581509378
1662639618000,,,,,,,,,,,,,,,,,,93.5228494614636
1662639619000,,,,,,,,,,,,,,,,,,94.12155997123006
1662639620000,,,,,,,,,,,,,,,,,,94.63660907394161
1662639621000,,,,,,,,,,,,,,,,,,95.07109849914666
1662639622000,,,,,,,,,,,,,,,,,,95.42812997639359
1662639623000,,,,,,,,,,,,,,,,,,95.71080523523086
1662639624000,,,,,,,,,,,,,,,,,,95.9222260052069
1662639625000,,,,,,,,,,,,,,,,,,96.06549401587007
1662639626000,,,,,,,,,,,,,,,,,,96.14371099676883
1662639627000,,,,,,,,,,,,,,,,,,96.1599786774516
1662639628000,,,,,,,,,,,,,,,,,,96.11739878746675
1662639629000,,,,,,,,,,,,,,,,,,96.01907305636276
1662639630000,,,,,,,,,,,,,,,,,,95.868103213688
1662639631000,,,,,,,,,,,,,,,,,,95.66759098899091
1662639632000,,,,,,,,,,,,,,,,,,95.4206381118199
1662639633000,,,,,,,,,,,,,,,,,,95.13034631172339
1662639634000,,,,,,,,,,,,,,,,,,94.79981731824978
1662639635000,,,,,,,,,,,,,,,,,,94.43215286094753
1662639636000,,,,,,,,,,,,,,,,,,94.030454669365
1662639637000,,,,,,,,,,,,,,,,,,93.59782447305065
1662639638000,,,,,,,,,,,,,,,,,,93.1373640015529
1662639639000,,,,,,,,,,,,,,,,,,92.65217498442013
1662639640000,,,,,,,,,,,,,,,,,,92.14535915120076
1662639641000,,,,,,,,,,,,,,,,,,91.62001823144327
1662639642000,,,,,,,,,,,,,,,,,,91.07925395469599
1662639643000,,,,,,,,,,,,,,,,,,90.52616805050741
1662639644000,,,,,,,,,,,,,,,,,,89.96386224842588
1662639645000,,,,,,,,,,,,,,,,,,89.39543827799987
1662639646000,,,,,,,,,,,,,,,,,,88.82399786877781
1662639647000,,,,,,,,,,,,,,,,,,88.25264275030806
1662639648000,,,,,,,,,,,,,,,,,,87.68447465213904
1662639649000,,,,,,,,,,,,,,,,,,87.12259530381925
1662639650000,,,,,,,,,,,,,,,,,,86.57010643489701
1662639651000,,,,,,,,,,,,,,,,,,86.03010977492077
1662639652000,,,,,,,,,,,,,,,,,,85.50570705343895
1662639653000,,,,,,,,,,,,,,,,,,85.0
1662639654000,,,,,,,,,,,,,,,,,,84.51622878622828
1662639655000,,,,,,,,,,,,,,,,,,84.05818735205223
1662639656000,,,,,,,,,,,,,,,,,,83.6298080794762
1662639657000,,,,,,,,,,,,,,,,,,83.23502335050463
1662639658000,,,,,,,,,,,,,,,,,,82.8777655471419
1662639659000,,,,,,,,,,,,,,,,,,82.5619670513924
1662639660000,,,,,,,,,,,,,,,,,,82.2915602452605
1662639661000,,,,,,,,,,,,,,,,,,82.07047751075065
1662639662000,,,,,,,,,,,,,,,,,,81.9026512298672
1662639663000,,,,,,,,,,,,,,,,,,81.79201378461455
1662639664000,,,,,,,,,,,,,,,,,,81.74249755699711
1662639665000,,,,,,,,,,,,,,,,,,81.75803492901929
1662639666000,,,,,,,,,,,,,,,,,,81.84255828268545
1662639667000,,,,,,,,,,,,,,,,,,82.0
1662639668000,,,,,,,,,,,,,,,,,,82.2272503386027
1662639669000,,,,,,,,,,,,,,,,,,82.4930310586748
1662639670000,,,,,,,,,,,,,,,,,,82.75902179603293
1662639671000,,,,,,,,,,,,,,,,,,82.98690218649367
1662639672000,,,,,,,,,,,,,,,,,,83.13835186587364
1662639673000,,,,,,,,,,,,,,,,,,83.17505046998949
1662639674000,,,,,,,,,,,,,,,,,,83.0586776346578
1662639675000,,,,,,,,,,,,,,,,,,82.7509129956952
1662639676000,,,,,,,,,,,,,,,,,,82.21343618891831
1662639677000,,,,,,,,,,,,,,,,,,81.40792685014372
1662639678000,,,,,,,,,,,,,,,,,,80.29606461518806
1662639679000,,,,,,,,,,,,,,,,,,78.83952911986795
1662639680000,,,,,,,,,,,,,,,,,,77.0
1662639681000,,,,,,,,,,,,,,,,,,74.86182196266495
1662639682000,,,,,,,,,,,,,,,,,,73.0
1662639683000,,,,,,,,,,,,,,,,,,71.88815339044208
1662639684000,,,,,,,,,,,,,,,,,,71.1036982725705
1662639685000,,,,,,,,,,,,,,,,,,70.0
1662639686000,,,,,,,,,,,,,,,,,,68.14938200069275
1662639687000,,,,,,,,,,,,,,,,,,66.0
1662639688000,,,,,,,,,,,,,,,,,,64.10372030459233
1662639689000,,,,,,,,,,,,,,,,,,62.551419249028726
1662639690000,,,,,,,,,,,,,,,,,,61.31872567484023
1662639691000,,,,,,,,,,,,,,,,,,60.38126842355792
1662639692000,,,,,,,,,,,,,,,,,,59.71467633671285
1662639693000,,,,,,,,,,,,,,,,,,59.29457825583606
1662639694000,,,,,,,,,,,,,,,,,,59.09660302245863
1662639695000,,,,,,,,,,,,,,,,,,59.09637947811162
1662639696000,,,,,,,,,,,,,,,,,,59.26953646432609
1662639697000,,,,,,,,,,,,,,,,,,59.59170282263308
1662639698000,,,,,,,,,,,,,,,,,,60.038507394563666
1662639699000,,,,,,,,,,,,,,,,,,60.5855790216489
1662639700000,,,,,,,,,,,,,,,,,,61.20854654541985
1662639701000,,,,,,,,,,,,,,,,,,61.883038807407544
1662639702000,,,,,,,,,,,,,,,,,,62.58468464914309
1662639703000,,,,,,,,,,,,,,,,,,63.28911291215752
1662639704000,,,,,,,,,,,,,,,,,,63.971952437981884
1662639705000,,,,,,,,,,,,,,,,,,64.60883206814725
1662639706000,,,,,,,,,,,,,,,,,,65.1753806441847
1662639707000,,,,,,,,,,,,,,,,,,65.64722700762525
1662639708000,,,,,,,,,,,,,,,,,,66.0
1662639709000,12.5,1.8,-15.5,0.0,0.0,121.82240000000002,130.8568,3.4632,120.15680000000002,0.44640000000001123,123.644,120.60320000000003,120.60320000000003,7.209675672539758,10.708838060150244,13.858744883469607,14.413560621257473,66.2483302720442
1662639710000,12.5,1.8,-15.5,0.0,0.0,240.60632411067195,129.09723320158102,3.0980237154150196,118.78392411067193,1.7595667984189731,0.3651762845849804,120.5434909090909,120.5434909090909,8.434708482388416,10.934613035944277,11.066429888270298,14.46279196239685,66.56285571130996
1662639711000,12.467502507522568,1.8,-15.532497492477432,0.04595839460470252,0.04595839460470252,116.13360080240722,142.94653961885658,2.9300902708124372,124.47272330826473,13.849306417275557,0.16793344460258242,138.3220297255403,138.3220297255403,7.63375317568267,11.266184693369881,12.27886664284829,13.275547911616506,67.15321601455362
1662639712000,12.4,1.8326673326673326,-15.632667332667332,0.12079149558435058,0.12079149558435058,355.7,187.12637362637363,0.43466533466533464,120.43360080240723,44.17983400751706,2.495424936147103,164.61343480992429,164.61343480992429,7.830774955666224,10.576539760256143,12.821746613060386,14.218733700737063,68.22905087853152
1662639713000,12.4,1.8674,-15.7326,0.09993266733266815,0.09993266733266815,356.2216,222.0638,0.9194,0.5216000000000349,34.93742637362635,0.48473466533466536,35.459026373626386,35.459026373626386,8.774698773332506,11.159230438991763,12.355152989538682,12.563118371282238,70.0
1662639714000,12.4,1.8,-15.8,0.06740000000000101,0.06740000000000101,357.2348,211.3426,2.1022000000000003,1.0131999999999834,10.721199999999982,1.1828000000000003,11.734399999999965,11.734399999999965,7.126764818866811,10.439708899801525,14.590054710789152,14.954819677263467,73.0
1662639715000,12.4,1.8,-15.8,0.0,0.0,357.0674,220.86,1.6392,0.16739999999998645,9.51740000000001,0.4630000000000003,9.684799999999996,9.684799999999996,9.64415675560221,10.472767830084079,11.655673391042374,13.815674779985443,77.0
1662639716000,12.237,1.8326,-15.702200000000001,0.1900890317719567,0.1900890317719567,356.9022,264.23400000000004,0.937,0.1652000000000271,43.374000000000024,0.7021999999999999,43.53920000000005,43.53920000000005,7.099518907385538,10.716907009370617,13.990164669649902,14.667209037493699,77.0
1662639717000,11.867203219315895,1.9,-15.467203219315895,0.438147402064901,0.438147402064901,357.2247484909457,288.20704225352114,0.46881287726358145,0.32254849094567817,23.9730422535211,0.4681871227364186,24.29559074446678,24.29559074446678,7.807393632639148,10.289484098372697,12.055115365054649,13.684940339746568,76.49264004119017
1662639718000,11.8,1.9,-15.1344,0.33952062599118216,0.33952062599118216,358.134,322.9744,0.4656,0.9092515090543429,34.767357746478865,0.0032128772635814373,35.67660925553321,35.67660925553321,7.688255795140187,11.50536233070172,11.53200598158188,12.549564109997283,74.0
1662639719000,11.634165834165834,1.9,-14.334665334665335,0.8167475163695705,0.8167475163695705,357.63416583416586,318.502997002997,0.9336663336663337,0.49983416583415874,4.471402997002997,0.46806633366633366,4.971237162837156,4.971237162837156,6.547841675195111,9.646488739744575,13.630561113131018,16.083453166770568,69.0
1662639720000,11.1676,1.9,-13.5021,0.9543839448027512,0.9543839448027512,357.2669,316.0091,0.9655,0.3672658341658348,2.4938970029970164,0.031833666333666355,2.8611628371628512,2.8611628371628512,8.659772925064955,10.263323809175466,13.428745328225252,15.298605396835942,69.0
1662639721000,10.734830339321357,1.9,-12.602694610778443,0.9981080269012416,0.9981080269012416,357.5964071856287,310.2948103792415,1.4321357285429142,0.3295071856286995,5.714289620758507,0.46663572854291413,6.043796806387206,6.043796806387206,10.469979193019748,12.576249954032738,12.690042789535,12.86162865902093,70.35462533060459
1662639722000,10.202006018054163,1.9,-11.736008024072216,1.0173727915126958,1.0173727915126958,358.6639919759278,304.06599799398197,1.6010030090270813,1.0675847902990654,6.228812385259516,0.1688672804841671,7.296397175558582,7.296397175558582,5.393659072351106,12.27710602927175,15.171880919494443,16.504445597943267,71.51722780282437
1662639723000,9.567367367367368,1.9,-10.967367367367366,0.9967821607980452,0.9967821607980452,359.3993993993994,304.0338338338338,1.4664664664664664,0.7354074234715995,0.03216416014817014,0.13453654256061487,0.7675715836197696,0.7675715836197696,6.110094424849174,11.954328313555488,14.197816464911199,21.15740933144787,72.44332486256549
1662639724000,9.0001,1.9,-10.4001,0.8022372044226113,0.8022372044226113,359.3005,297.60609999999997,1.6,0.09889939939938586,6.427733833833827,0.1335335335335337,6.526633233233213,6.526633233233213,10.898746323999344,11.7664844583686,16.909085010977496,18.039815984939786,73.0884339557341
1662639725000,8.8,1.9,-10.233333333333333,0.26048249674615576,0.26048249674615576,358.53333333333336,264.43333333333334,1.0666666666666669,0.7671666666666397,33.17276666666663,0.5333333333333332,33.93993333333327,33.93993333333327,12.350854869165405,14.921401560715378,18.20317956996866,22.287926323771472,73.40807252823632
1662639726000,8.8,1.9,-10.3,0.0666666666666682,0.0666666666666682,358.6663336663337,222.6000999000999,119.6193806193806,0.1330003330003251,41.83323343323343,118.55271395271394,41.966233766233756,41.966233766233756,14.631410351174932,15.61252750520517,17.774110599645272,24.876427068690102,73.35775802597833
1662639727000,8.8,1.9,-10.3,0.0,0.0,358.1,222.70000000000002,358.8,0.5663336663336622,0.09990009990011117,120.81938061938058,0.6662337662337734,0.6662337662337734,13.223039784713922,14.663840503632734,19.698940619331477,26.36696748803695,72.89300789486626
1662639728000,8.8,1.9,-10.3,0.0,0.0,358.5335664335664,222.9003996003996,240.04755244755242,0.4335664335663978,0.20039960039957805,118.75244755244759,0.6339660339659758,0.6339660339659758,11.148676900356275,14.653047290649406,19.008052544152925,21.971556807277885,71.96933958080623
1662639729000,8.8,1.9,-10.3,0.0,0.0,358.9667,225.96439999999998,1.4668999999999999,0.4331335664335825,3.0640003996003884,121.41934755244759,3.497133966033971,3.497133966033971,10.712833486777699,13.077298600164003,14.653300606523448,18.61602868193634,70.54227052970441
1662639730000,8.8,1.9,-10.2667,0.03330000000000055,0.03330000000000055,239.4196,241.12269999999998,0.8335,119.5471,15.158299999999997,0.6333999999999999,134.7054,134.7054,10.009829244471492,10.758227173385553,14.626750627348239,17.399434071678993,68.56731818746697
1662639731000,8.5336,1.9,-10.166699999999999,0.28455045246845195,0.28455045246845195,119.58039999999998,264.1649,120.1802,119.83920000000002,23.04220000000001,119.3467,142.88140000000004,142.88140000000004,8.84986761327861,10.664494150745039,14.363156289595526,16.93473496910897,66.0
1662639732000,7.7002999999999995,1.9,-9.9335,0.8653156244977898,0.8653156244977898,358.56699999999995,272.3953,240.61939999999998,121.01340000000005,8.230400000000031,120.43919999999999,129.24380000000008,129.24380000000008,8.92563839204638,10.370838890785505,13.605623913406731,16.163980941963253,63.0
1662639733000,6.8003,1.8334,-9.5001,0.9989171937653288,0.9989171937653288,357.6336,279.0028,1.7999,0.9333999999999492,6.607499999999959,121.1805,7.540899999999908,7.540899999999908,9.11487295205363,10.284920668877662,12.670707545074984,15.180020446586015,60.344122468071504
1662639734000,5.867,1.7,-9.2667,0.9620418130206192,0.9620418130206192,357.1,273.06699999999995,1.8668,0.5335999999999785,5.935800000000029,0.06689999999999996,6.469400000000007,6.469400000000007,9.246122844044157,10.098850759797767,11.876017406551098,14.313677955061687,58.21515387459659
1662639735000,4.867,1.7,-9.166699999999999,1.0049875621120892,1.0049875621120892,356.93350000000004,272.56649999999996,1.5334,0.166499999999985,0.5004999999999882,0.3333999999999999,0.6669999999999732,0.6669999999999732,9.331040019270342,9.854901626925528,11.175174920700918,13.49731045884677,56.59633459070416
1662639736000,3.8673326673326676,1.7,-9.066733266733266,1.004653235580437,1.004653235580437,355.2693306693307,273.03306693306695,1.5996003996003996,1.6641693306693242,0.4665669330669857,0.06620039960039947,2.13073626373631,2.13073626373631,9.524767370532741,9.709869418298343,10.523243200693969,12.709312447151074,55.47090498752307
1662639737000,2.8680000000000003,1.7,-8.966800000000001,1.0043169010816282,1.0043169010816282,353.264,273.3664,2.0996,2.0053306693307036,0.33333306693305076,0.49999960039960056,2.3386637362637543,2.3386637362637543,9.664849501252958,9.817503337153859,9.93059227102749,11.953423277138212,54.822105436182234
1662639738000,1.868,1.7,-8.866800000000001,1.0049875621120892,1.0049875621120892,354.4008,273.5996,2.5324,1.1367999999999938,0.23320000000001073,0.43279999999999985,1.3700000000000045,1.3700000000000045,9.40894446888374,9.725932773965068,10.200482458066638,11.23614627667745,54.63317630781053
1662639739000,0.8673346693386773,1.7,-8.766733466933868,1.0056562111514105,1.0056562111514105,354.0,273.66693386773545,2.9334669338677353,0.4008000000000038,0.06733386773544225,0.4010669338677353,0.4681338677354461,0.4681338677354461,8.9688783017171,9.887802539401221,10.565819548564486,10.664830843031195,54.88735797353685
1662639740000,-0.13466933867735464,1.7,-8.666533066132263,1.0070015652425741,1.0070015652425741,353.96653306613223,273.2326653306613,2.8,0.03346693386777133,0.4342685370741606,0.13346693386773545,0.4677354709419319,0.4677354709419319,8.624804835706291,9.951235959063693,10.14864746974111,11.201750228646981,55.56789080449006
1662639741000,-1.1024,1.7,-8.5664,0.972897355221512,0.972897355221512,353.8664,272.8664,2.6992,0.10013306613222994,0.3662653306612924,0.1008,0.46639839679352235,0.46639839679352235,8.391802858846573,9.418986489372417,10.490802594085782,11.781880521781602,56.658015171799065
1662639742000,-2.036,1.7,-8.5,0.935958289668936,0.935958289668936,353.632,272.9008,2.4328,0.23439999999999372,0.03440000000000509,0.26639999999999997,0.2687999999999988,0.2687999999999988,8.29895279227524,9.00426074754996,10.86287149340776,12.364067228069029,58.14097144659275
1662639743000,-3.0696,1.7,-8.4664,1.0341459858259856,1.0341459858259856,354.2744,273.60400000000004,2.4008,0.6424000000000092,0.703200000000038,0.03200000000000003,1.3456000000000472,1.3456000000000472,8.35691463404573,8.679437601615579,11.316862069495302,13.025988427844892,60.0
1662639744000,-4.136,1.7,-8.3664,1.071078409828151,1.071078409828151,356.5024,274.0288,2.4656000000000002,2.2280000000000086,0.4247999999999479,0.06480000000000041,2.6527999999999565,2.6527999999999565,8.399551299123903,8.486401812417562,11.918563144801357,13.80506846701287,62.12093677475335
1662639745000,-5.136336336336337,1.7,-8.3,1.002537653055886,1.002537653055886,356.6627627627628,272.56366366366365,2.368168168168168,0.16036276276275885,1.465136336336343,0.09743183183183213,1.6254990990991018,1.6254990990991018,8.282979495108181,8.752698364905516,12.517499381344999,14.550086526268142,64.0
1662639746000,-6.132019704433497,1.7,-8.3,0.9956833680971604,0.9956833680971604,354.9035467980296,271.33556650246305,3.297635467980296,1.7592159647331869,1.2280971612005942,0.9294672998121278,2.987313125933781,2.987313125933781,8.352159810137248,9.176340709466244,13.109264645710528,15.276656326448276,65.15714037489423
1662639747000,,,,,,,,,,,,,,,,,,65.59685619220409
1662639748000,,,,,,,,,,,,,,,,,,65.44478264310114
1662639749000,,,,,,,,,,,,,,,,,,64.82655491875691
1662639750000,,,,,,,,,,,,,,,,,,63.867808210342936
1662639751000,,,,,,,,,,,,,,,,,,62.694177709030726
1662639752000,,,,,,,,,,,,,,,,,,61.431298605991834
1662639753000,,,,,,,,,,,,,,,,,,60.20480609239779
1662639754000,,,,,,,,,,,,,,,,,,59.14033535942012
1662639755000,,,,,,,,,,,,,,,,,,58.363521598230335
1662639756000,,,,,,,,,,,,,,,,,,58.0
1662639757000,,,,,,,,,,,,,,,,,,58.0
1662639758000,,,,,,,,,,,,,,,,,,57.78210623897536
1662639759000,,,,,,,,,,,,,,,,,,57.26941051807704
1662639760000,,,,,,,,,,,,,,,,,,56.55498286753265
1662639761000,,,,,,,,,,,,,,,,,,55.73189331756979
1662639762000,,,,,,,,,,,,,,,,,,54.893211898416105
1662639763000,,,,,,,,,,,,,,,,,,54.132008640299155
1662639764000,,,,,,,,,,,,,,,,,,53.541353573446585
1662639765000,,,,,,,,,,,,,,,,,,53.21431672808599
1662639766000,,,,,,,,,,,,,,,,,,53.24396813444497
1662639767000,,,,,,,,,,,,,,,,,,53.72337782275117
1662639768000,,,,,,,,,,,,,,,,,,54.74561582323214
1662639769000,,,,,,,,,,,,,,,,,,56.40375216611554
1662639770000,,,,,,,,,,,,,,,,,,58.790856881628955
1662639771000,,,,,,,,,,,,,,,,,,62.0
1662639772000,,,,,,,,,,,,,,,,,,65.0
1662639773000,,,,,,,,,,,,,,,,,,63.995723131423226
1662639774000,,,,,,,,,,,,,,,,,,61.0
1662639775000,,,,,,,,,,,,,,,,,,59.035641156662976
1662639776000,,,,,,,,,,,,,,,,,,58.23316102576172
1662639777000,,,,,,,,,,,,,,,,,,58.0
1662639778000,,,,,,,,,,,,,,,,,,57.84286485082178
1662639779000,,,,,,,,,,,,,,,,,,57.66552786463169
1662639780000,,,,,,,,,,,,,,,,,,57.47102770657451
1662639781000,,,,,,,,,,,,,,,,,,57.26240304179504
1662639782000,,,,,,,,,,,,,,,,,,57.04269253543806
1662639783000,,,,,,,,,,,,,,,,,,56.81493485264837
1662639784000,,,,,,,,,,,,,,,,,,56.58216865857075
1662639785000,,,,,,,,,,,,,,,,,,56.34743261835
1662639786000,,,,,,,,,,,,,,,,,,56.113765397130905
1662639787000,,,,,,,,,,,,,,,,,,55.88420566005826
1662639788000,,,,,,,,,,,,,,,,,,55.661792072276846
1662639789000,,,,,,,,,,,,,,,,,,55.449563298931466
1662639790000,,,,,,,,,,,,,,,,,,55.250558005166916
1662639791000,,,,,,,,,,,,,,,,,,55.06781485612797
1662639792000,,,,,,,,,,,,,,,,,,54.90437251695943
1662639793000,,,,,,,,,,,,,,,,,,54.76326965280607
1662639794000,,,,,,,,,,,,,,,,,,54.6475449288127
1662639795000,,,,,,,,,,,,,,,,,,54.560237010124105
1662639796000,,,,,,,,,,,,,,,,,,54.504384561885075
1662639797000,,,,,,,,,,,,,,,,,,54.483026249240396
1662639798000,,,,,,,,,,,,,,,,,,54.49920073733487
1662639799000,,,,,,,,,,,,,,,,,,54.55594669131327
1662639800000,,,,,,,,,,,,,,,,,,54.6563027763204
1662639801000,,,,,,,,,,,,,,,,,,54.80330765750105
1662639802000,,,,,,,,,,,,,,,,,,55.0
1662639803000,,,,,,,,,,,,,,,,,,55.24698678940138
1662639804000,,,,,,,,,,,,,,,,,,55.5351482930466
1662639805000,,,,,,,,,,,,,,,,,,55.852933098716406
1662639806000,,,,,,,,,,,,,,,,,,56.18878979419156
1662639807000,,,,,,,,,,,,,,,,,,56.531166967252766
1662639808000,,,,,,,,,,,,,,,,,,56.86851320568081
1662639809000,,,,,,,,,,,,,,,,,,57.189277097256415
1662639810000,,,,,,,,,,,,,,,,,,57.481907229760324
1662639811000,,,,,,,,,,,,,,,,,,57.73485219097329
1662639812000,,,,,,,,,,,,,,,,,,57.93656056867605
1662639813000,,,,,,,,,,,,,,,,,,58.075480950649364
1662639814000,,,,,,,,,,,,,,,,,,58.140061924673965
1662639815000,,,,,,,,,,,,,,,,,,58.11875207853059
1662639816000,,,,,,,,,,,,,,,,,,58.0
1662639817000,,,,,,,,,,,,,,,,,,57.77797802311383
1662639818000,,,,,,,,,,,,,,,,,,57.469753466907406
1662639819000,,,,,,,,,,,,,,,,,,57.098117396666915
1662639820000,,,,,,,,,,,,,,,,,,56.68586087767856
1662639821000,,,,,,,,,,,,,,,,,,56.25577497522857
1662639822000,,,,,,,,,,,,,,,,,,55.830650754603134
1662639823000,,,,,,,,,,,,,,,,,,55.433279281088474
1662639824000,,,,,,,,,,,,,,,,,,55.08645161997079
1662639825000,,,,,,,,,,,,,,,,,,54.81295883653629
1662639826000,,,,,,,,,,,,,,,,,,54.635591996071184
1662639827000,,,,,,,,,,,,,,,,,,54.57714216386169
1662639828000,,,,,,,,,,,,,,,,,,54.660400405194
1662639829000,,,,,,,,,,,,,,,,,,54.90815778535433
1662639830000,,,,,,,,,,,,,,,,,,55.343205369628876
1662639831000,,,,,,,,,,,,,,,,,,55.98833422330387
1662639832000,,,,,,,,,,,,,,,,,,56.86633541166552
1662639833000,13.0,1.8,-15.501001001001,0.098998998998999,0.098998998998999,353.93343343343344,131.595995995996,2.392992992992993,7.331466566566576,0.39379599599601534,0.6984929929929933,7.725262562562591,7.725262562562591,17.736349924829142,22.505311674956964,29.9315581089894,34.815880699204,58.0
1662639834000,13.0,1.8,-15.5,0.0010010010010006454,0.0010010010010006454,5.797297297297291,127.93333333333334,8.246846846846847,11.863863863863855,3.6626626626626546,5.853853853853853,15.52652652652651,15.52652652652651,18.970188705114506,21.698643908896,22.40206250241824,40.569989619624856,59.40608628256753
1662639835000,13.0,1.8,-15.5,0.0,0.0,0.2192192192192195,124.92402402402404,4.62962962962963,5.578078078078072,3.0093093093093017,3.617217217217217,8.587387387387373,8.587387387387373,13.959736991924139,18.05751769958323,28.033040683697337,32.822659408873044,61.07722146952417
1662639836000,13.0,1.8,-15.5,0.0,0.0,354.84,116.964,1.8223999999999996,5.379219219219237,7.960024024024037,2.80722962962963,13.339243243243274,13.339243243243274,8.224969800904777,20.142160486624494,25.324453219815606,34.16314777921649,63.0
1662639837000,13.0,1.8,-15.5,0.0,0.0,357.30240480961925,99.90280561122245,3.986773547094189,2.4624048096192723,17.06119438877755,2.1643735470941894,19.523599198396823,19.523599198396823,9.471642896470154,18.30634470743173,24.406289036544702,29.26026123930394,66.0
1662639838000,12.801001001001001,1.8994994994994994,-15.301001001001001,0.2814270832830539,0.2814270832830539,357.3994994994995,68.45765765765766,1.6120120120120123,0.09709468988023673,31.445147953564785,2.3747615350821767,31.54224264344502,31.54224264344502,12.892597595129402,15.867427650346912,25.8841400971814,30.008781340720176,71.0
1662639839000,12.402000000000001,1.9,-14.8025,0.6385178515897582,0.6385178515897582,357.798,259.0415,1.799,0.3985005005005178,169.41615765765766,0.18698798798798766,169.81465815815818,169.81465815815818,10.583501287902534,23.233030754395465,25.202366554118,30.262099952268773,71.0
1662639840000,12.4,1.9,-14.8,0.003201562118716453,0.003201562118716453,358.596,271.6415,1.2029999999999998,0.7980000000000018,12.600000000000023,0.5960000000000001,13.398000000000025,13.398000000000025,10.438017285264877,25.209377812778765,27.831659143768963,28.13070969781365,70.76504319683855
1662639841000,12.4,1.9,-14.8,0.0,0.0,359.39599999999996,268.2175,2.4935,0.7999999999999545,3.424000000000035,1.2905000000000002,4.2239999999999895,4.2239999999999895,10.528575198725687,20.012219778838787,25.206704997489247,27.689674552773152,71.05765562535362
1662639842000,12.4,1.9,-14.8,0.0,0.0,355.920979020979,264.1245754245754,2.9970029970029968,3.4750209790209396,4.092924575424547,0.5035029970029967,7.567945554445487,7.567945554445487,10.50845649783926,15.011690976536453,21.050270603437642,25.208156226799833,70.5714402411919
1662639843000,12.4,1.9,-14.8994994994995,0.09949949949949932,0.09949949949949932,355.2035035035035,235.84214214214214,1.607007007007007,0.7174755174755205,28.28243328243329,1.3899959899959897,28.99990879990881,28.99990879990881,10.528997442420037,12.681635866640908,13.788776071704046,25.29056838229527,68.0
1662639844000,12.4,1.9,-14.9,0.0005005005005003227,0.0005005005005003227,356.1832015810277,223.40998023715414,0.42015810276679844,0.9796980775241764,12.432161904987993,1.1868489042402086,13.41185998251217,13.41185998251217,8.559762643981733,10.527797539379396,12.071465453435241,25.291656629576877,64.0
1662639845000,12.4,1.9,-14.800506072874494,0.09949392712550598,0.09949392712550598,357.9908906882591,274.1408906882591,0.8974696356275305,1.8076891072314538,50.73091045110496,0.477311532860732,52.538599558336415,52.538599558336415,7.081372521118669,10.513540036351731,12.090267472244367,25.20732129488676,64.0
1662639846000,12.4,1.9,-14.3025,0.49800607287449417,0.49800607287449417,356.40799999999996,297.78249999999997,357.80649999999997,1.5828906882591696,23.641609311740865,3.090969635627573,25.224500000000035,25.224500000000035,7.112055211339629,10.452927205960222,12.355712076940632,24.796042579198122,64.43940513457007
1662639847000,12.4,1.9,-13.305000000000001,0.9974999999999987,0.9974999999999987,355.60400000000004,297.10400000000004,2.096499999999992,0.8039999999999168,0.6784999999999286,4.2900000000000205,1.4824999999998454,1.4824999999998454,7.065291754468931,10.402281427017877,12.915093572388098,23.979349635961036,64.15406211675844
1662639848000,12.300500000000001,1.9,-12.305000000000001,1.0049379334068347,1.0049379334068347,355.5005,296.2045,0.3995,0.10350000000005366,0.8995000000000459,1.6969999999999918,1.0030000000000996,1.0030000000000996,7.035834562738802,10.347926246177673,13.45319236464596,23.11685863796129,63.349016531661775
1662639849000,12.2005,1.9,-11.305000000000001,1.0049875621120892,1.0049875621120892,355.59950000000003,297.394,0.10149999999999998,0.09900000000004638,1.1895000000000095,0.29800000000000004,1.288500000000056,1.288500000000056,7.144120819825164,10.389862293126795,14.039234507420067,22.265479531796814,62.22931396437674
1662639850000,12.2,1.9,-10.305994005994007,0.9990061191303609,0.9990061191303609,355.8982017982018,297.3005994005994,0.1994005994005994,0.2987017982017619,0.09340059940058154,0.09790059940059942,0.39210239760234344,0.39210239760234344,7.482545922056112,10.622777389033189,14.740791499202968,21.492673159273597,61.0
1662639851000,12.0012,1.9,-9.306000000000001,1.0195633634178605,1.0195633634178605,355.80060000000003,296.4054,0.4982,0.09760179820176518,0.8951994005994379,0.2987994005994006,0.9928011988012031,0.9928011988012031,7.7604074128825085,10.757929287340922,15.344869280912459,20.606464724060917,59.8323643307445
1662639852000,11.801001001001001,1.9,-8.404504504504505,0.9234575071972024,0.9234575071972024,355.8994994994995,294.11151151151154,1.096996996996997,0.09889949949945276,2.2938884884884487,0.5987969969969971,2.3927879879879015,2.3927879879879015,8.096465879112765,10.940550136438254,15.91141848364911,19.804262163683145,58.76267307728848
1662639853000,11.111758893280632,1.9,-7.711758893280633,0.9772160277670202,0.9772160277670202,355.8016798418972,293.0184782608696,1.1983201581027667,0.0978196576022583,1.0930332506419518,0.10132316110576967,1.19085290824421,1.19085290824421,8.020357708278242,10.66911606457456,16.058501839696227,18.828209296422944,57.79343646742648
1662639854000,10.313600000000001,1.9,-7.1102,0.9994652175078339,0.9994652175078339,355.7017,292.8034,1.1017000000000001,0.0999798418972091,0.21507826086957493,0.09662015810276658,0.31505810276678403,0.31505810276678403,7.92358381474972,10.34058033717831,16.127711034877663,17.846251560812284,56.927164728953045
1662639855000,9.5136,1.9,-6.5102,1.0000000000000002,1.0000000000000002,355.5034,292.11190000000005,1.1983,0.19830000000001746,0.6914999999999623,0.0965999999999998,0.8897999999999797,0.8897999999999797,7.94939156713518,10.099113573163496,16.256279669311276,16.866239035794518,56.16636808966272
1662639856000,8.712812812812812,1.9,-5.90960960960961,1.000983983983985,1.000983983983985,355.3032032032032,291.11601601601603,1.4951951951951952,0.20019679679677438,0.9958839839840152,0.29689519519519525,1.1960807807807896,1.1960807807807896,8.099308941136893,9.951663620187706,15.887760489125352,16.444772162709125,55.51355677735005
1662639857000,7.813513513513513,1.9,-5.506006006006006,0.985715526184926,0.985715526184926,355.3,291.1984984984985,1.2045045045045044,0.003203203203213434,0.08248248248247592,0.29069069069069076,0.08568568568568935,0.08568568568568935,8.14911408565409,9.686698260131692,14.999333517569221,16.47392960760013,54.97124101980957
1662639858000,6.815984015984016,1.8015984015984017,-5.204795204795205,1.0420139371464774,1.0420139371464774,355.49680319680317,289.33036963036966,1.3968031968031966,0.1968031968031596,1.8681288681288493,0.19229869229869223,2.064932064932009,2.064932064932009,8.195573585005674,9.377929090346136,14.148526261520688,16.435527524900916,54.541931044835835
1662639859000,5.9144000000000005,1.8,-4.904800000000001,0.9501846456231452,0.9501846456231452,355.2048,289.59520000000003,1.4,0.29200319680319353,0.2648303696303742,0.003196803196803266,0.5568335664335677,0.5568335664335677,8.378392965432527,9.21547672684696,13.379431299222038,15.925714548428019,54.22813708022338
1662639860000,4.916,1.8,-4.7032,1.0185504994844392,1.0185504994844392,355.2984,289.7968,1.2032,0.09360000000003765,0.2015999999999849,0.19679999999999986,0.29520000000002256,0.29520000000002256,8.568182791600414,9.026070295436847,12.6687219530428,15.1064396303536,54.03236935376673
1662639861000,3.915015015015015,1.8,-4.503003003003003,1.0208083942503643,1.0208083942503643,355.3,289.8,1.2,0.001599999999996271,0.003199999999992542,0.0032000000000000917,0.004799999999988813,0.004799999999988813,8.870434354831206,8.947538737733357,12.002557634477856,14.313445529889181,53.957138093260475
1662639862000,2.914014014014014,1.8,-4.302802802802803,1.020824727446003,1.020824727446003,355.20140140140137,290.0957957957958,1.1014014014014015,0.09859859859864173,0.2957957957958115,0.09859859859859843,0.39439439439445323,0.39439439439445323,8.983863743486163,9.275554963816282,11.386489662881205,13.548832370332452,54.00495352649912
1662639863000,1.914,1.8,-4.3986,1.0045920222733502,1.0045920222733502,356.679,258.8438,0.8042,1.477598598598604,31.251995795795835,0.2972014014014015,32.72959439439444,32.72959439439444,8.839961341672245,9.494162527838355,11.114548446220695,13.072407007983657,54.178325881277225
1662639864000,1.1127744510978044,1.8,-4.9904191616766465,0.9960985394735167,0.9960985394735167,357.19201596806386,263.02495009980044,353.7722554890219,0.5130159680638826,4.181150099800448,7.0319445109780645,4.69416606786433,4.69416606786433,8.291662272939954,9.27881986645218,11.457675349765504,13.190491071151326,54.47976538538932
1662639865000,0.21351351351351344,1.8,-5.098498498498498,0.9057325084774362,0.9057325084774362,355.52552552552555,266.5474474474475,359.7954954954955,1.6664904425383043,3.522497347647061,6.0232400064736,5.188987790185365,5.188987790185365,8.32930565090636,9.628342615825774,11.38162537698004,12.898093282356971,54.91178226662996
1662639866000,-0.7849999999999999,1.8,-5.297,1.018053084454564,1.018053084454564,355.5985,268.8655,359.89849999999996,0.07297447447444938,2.3180525525525013,0.10300450450444032,2.3910270270269507,2.3910270270269507,8.400414309284411,10.028803540400117,11.458850812459527,12.716618384443105,55.47688675279368
1662639867000,-1.7850000000000001,1.8,-5.3985,1.0051379258589344,1.0051379258589344,353.13750000000005,269.7865,359.9,2.460999999999956,0.9209999999999923,0.0015000000000213731,3.381999999999948,3.381999999999948,8.715936688518802,10.614841813318229,11.530711990301823,12.517569572204295,56.17758907167504
1662639868000,-2.7849999999999997,1.8,-5.5969999999999995,1.019510789545652,1.019510789545652,353.888,269.7015,5.497000000000014,0.7504999999999313,0.08499999999997954,5.597000000000037,0.8354999999999109,0.8354999999999109,8.769104053290807,10.95823786149694,11.504780522969376,12.2256745747496,57.01639945106855
1662639869000,-3.7849999999999997,1.8,-5.6985,1.0051379258589341,1.0051379258589341,353.309,270.291,0.1,0.5789999999999509,0.5894999999999868,5.3970000000000145,1.1684999999999377,1.1684999999999377,8.386510087693138,10.611578282982146,10.963761537905341,11.011602571058985,57.99582811876879
1662639870000,-4.7859859859859855,1.8,-5.8971971971971975,1.0205163008567566,1.0205163008567566,353.3,271.0887887887888,354.66056056056055,0.009000000000014552,0.7977887887888073,5.439439439439468,0.8067887887888219,0.8067887887888219,7.759338894405072,9.054743514438703,9.084068154324305,10.798299156759885,59.11838530257027
1662639871000,-5.689178356713427,1.8,-6.097595190380761,0.9251571835165393,0.9251571835165393,353.89278557114227,272.2855711422846,359.7,0.592785571142258,1.1967823534957915,5.039439439439434,1.7895679246380496,1.7895679246380496,7.696627002686162,7.76464172419239,11.025732968851928,15.961082364581463,60.38658123026756
1662639872000,,,,,,,,,,,,,,,,,,61.802926129655184
1662639873000,,,,,,,,,,,,,,,,,,63.36993022852771
1662639874000,,,,,,,,,,,,,,,,,,65.09010375467965
1662639875000,,,,,,,,,,,,,,,,,,66.96595693590557
1662639876000,,,,,,,,,,,,,,,,,,69.0
1662639877000,,,,,,,,,,,,,,,,,,71.12565608876092
1662639878000,,,,,,,,,,,,,,,,,,73.0
1662639879000,,,,,,,,,,,,,,,,,,74.29369941829692
1662639880000,,,,,,,,,,,,,,,,,,75.00814191928966
1662639881000,,,,,,,,,,,,,,,,,,75.22739505138075
1662639882000,,,,,,,,,,,,,,,,,,75.03552636297272
1662639883000,,,,,,,,,,,,,,,,,,74.51660340246812
1662639884000,,,,,,,,,,,,,,,,,,73.75469371826948
1662639885000,,,,,,,,,,,,,,,,,,72.83386485877936
1662639886000,,,,,,,,,,,,,,,,,,71.83818437240028
1662639887000,,,,,,,,,,,,,,,,,,70.85171980753479
1662639888000,,,,,,,,,,,,,,,,,,69.95853871258542
1662639889000,,,,,,,,,,,,,,,,,,69.24270863595473
1662639890000,,,,,,,,,,,,,,,,,,68.78829712604522
1662639891000,,,,,,,,,,,,,,,,,,68.67937173125947
1662639892000,,,,,,,,,,,,,,,,,,69.0
1662639893000,,,,,,,,,,,,,,,,,,69.7831427298766
1662639894000,,,,,,,,,,,,,,,,,,70.85733371532794
1662639895000,,,,,,,,,,,,,,,,,,72.0
1662639896000,,,,,,,,,,,,,,,,,,73.02054996986577
1662639897000,,,,,,,,,,,,,,,,,,73.85631738020643
1662639898000,,,,,,,,,,,,,,,,,,74.4766173286302
1662639899000,,,,,,,,,,,,,,,,,,74.8507649127453
1662639900000,,,,,,,,,,,,,,,,,,74.94807523016
1662639901000,,,,,,,,,,,,,,,,,,74.73786337848249
1662639902000,,,,,,,,,,,,,,,,,,74.18944445532101
1662639903000,,,,,,,,,,,,,,,,,,73.27213355828378
1662639904000,,,,,,,,,,,,,,,,,,71.95524578497906
1662639905000,,,,,,,,,,,,,,,,,,70.20809623301506
1662639906000,,,,,,,,,,,,,,,,,,68.0
1662639907000,,,,,,,,,,,,,,,,,,65.41549369838592
1662639908000,,,,,,,,,,,,,,,,,,63.0
1662639909000,,,,,,,,,,,,,,,,,,61.249334696563665
1662639910000,,,,,,,,,,,,,,,,,,60.0
1662639911000,,,,,,,,,,,,,,,,,,58.976236077673896
1662639912000,,,,,,,,,,,,,,,,,,58.1125484985158
1662639913000,,,,,,,,,,,,,,,,,,57.396009181847525
1662639914000,,,,,,,,,,,,,,,,,,56.813690046990914
1662639915000,,,,,,,,,,,,,,,,,,56.3526630132678
1662639916000,,,,,,,,,,,,,,,,,,56.0
1662639917000,,,,,,,,,,,,,,,,,,55.7440489013522
1662639918000,,,,,,,,,,,,,,,,,,55.578261510860514
1662639919000,,,,,,,,,,,,,,,,,,55.4973655969039
1662639920000,,,,,,,,,,,,,,,,,,55.496088927861315
1662639921000,,,,,,,,,,,,,,,,,,55.569159272111726
1662639922000,,,,,,,,,,,,,,,,,,55.7113043980341
1662639923000,,,,,,,,,,,,,,,,,,55.91725207400739
1662639924000,,,,,,,,,,,,,,,,,,56.181730068410566
1662639925000,,,,,,,,,,,,,,,,,,56.49946614962259
1662639926000,,,,,,,,,,,,,,,,,,56.865188086022414
1662639927000,,,,,,,,,,,,,,,,,,57.273623645989005
1662639928000,,,,,,,,,,,,,,,,,,57.71950059790134
1662639929000,,,,,,,,,,,,,,,,,,58.197546710138354
1662639930000,,,,,,,,,,,,,,,,,,58.702489751079035
1662639931000,,,,,,,,,,,,,,,,,,59.229057489102324
1662639932000,,,,,,,,,,,,,,,,,,59.77197769258719
1662639933000,,,,,,,,,,,,,,,,,,60.325978129912606
1662639934000,,,,,,,,,,,,,,,,,,60.88578656945754
1662639935000,,,,,,,,,,,,,,,,,,61.446130779600914
1662639936000,,,,,,,,,,,,,,,,,,62.00173852872174
1662639937000,,,,,,,,,,,,,,,,,,62.547337585198946
1662639938000,,,,,,,,,,,,,,,,,,63.0776557174115
1662639939000,,,,,,,,,,,,,,,,,,63.58742069373839
1662639940000,,,,,,,,,,,,,,,,,,64.07136028255854
1662639941000,,,,,,,,,,,,,,,,,,64.52420225225094
1662639942000,,,,,,,,,,,,,,,,,,64.94067437119453
1662639943000,,,,,,,,,,,,,,,,,,65.3155044077683
1662639944000,,,,,,,,,,,,,,,,,,65.64342013035119
1662639945000,,,,,,,,,,,,,,,,,,65.91914930732216
1662639946000,,,,,,,,,,,,,,,,,,66.1374197070602
1662639947000,,,,,,,,,,,,,,,,,,66.29295909794423
1662639948000,,,,,,,,,,,,,,,,,,66.38049524835327
1662639949000,,,,,,,,,,,,,,,,,,66.39475592666622
1662639950000,,,,,,,,,,,,,,,,,,66.33046890126208
1662639951000,,,,,,,,,,,,,,,,,,66.1823619405198
1662639952000,,,,,,,,,,,,,,,,,,65.94516281281832
1662639953000,,,,,,,,,,,,,,,,,,65.61359928653667
1662639954000,,,,,,,,,,,,,,,,,,65.18239913005377
1662639955000,,,,,,,,,,,,,,,,,,64.64629011174853
1662639956000,,,,,,,,,,,,,,,,,,64.0
1662639957000,,,,,,,,,,,,,,,,,,63.25480612372413
1662639958000,,,,,,,,,,,,,,,,,,62.488184053985044
1662639959000,,,,,,,,,,,,,,,,,,61.79415892238389
1662639960000,,,,,,,,,,,,,,,,,,61.26675586052183
1662639961000,,,,,,,,,,,,,,,,,,61.0
1662639962000,,,,,,,,,,,,,,,,,,61.0
1662639963000,,,,,,,,,,,,,,,,,,60.99450073750823
1662639964000,,,,,,,,,,,,,,,,,,60.91653904702361
1662639965000,,,,,,,,,,,,,,,,,,60.77245387052805
1662639966000,,,,,,,,,,,,,,,,,,60.568584150003474
1662639967000,,,,,,,,,,,,,,,,,,60.31126882743179
1662639968000,,,,,,,,,,,,,,,,,,60.00684684479492
1662639969000,,,,,,,,,,,,,,,,,,59.66165714407479
1662639970000,,,,,,,,,,,,,,,,,,59.28203866725332
1662639971000,,,,,,,,,,,,,,,,,,58.87433035631241
1662639972000,,,,,,,,,,,,,,,,,,58.444871153234004
1662639973000,,,,,,,,,,,,,,,,,,58.0
1662639974000,,,,,,,,,,,,,,,,,,57.54563287178311
1662639975000,,,,,,,,,,,,,,,,,,57.08599387651918
1662639976000,,,,,,,,,,,,,,,,,,56.62488415533481
1662639977000,,,,,,,,,,,,,,,,,,56.16610484935665
1662639978000,,,,,,,,,,,,,,,,,,55.713457099711306
1662639979000,,,,,,,,,,,,,,,,,,55.2707420475254
1662639980000,,,,,,,,,,,,,,,,,,54.841760833925555
1662639981000,,,,,,,,,,,,,,,,,,54.43031460003839
1662639982000,,,,,,,,,,,,,,,,,,54.04020448699054
1662639983000,,,,,,,,,,,,,,,,,,53.675231635908624
1662639984000,,,,,,,,,,,,,,,,,,53.33919718791925
1662639985000,,,,,,,,,,,,,,,,,,53.035902284149046
1662639986000,,,,,,,,,,,,,,,,,,52.76914806572464
1662639987000,,,,,,,,,,,,,,,,,,52.54273567377267
1662639988000,,,,,,,,,,,,,,,,,,52.36046624941972
1662639989000,,,,,,,,,,,,,,,,,,52.226140933792436
1662639990000,,,,,,,,,,,,,,,,,,52.14356086801744
1662639991000,,,,,,,,,,,,,,,,,,52.11652719322135
1662639992000,,,,,,,,,,,,,,,,,,52.14884105053079
1662639993000,,,,,,,,,,,,,,,,,,52.24430358107239
1662639994000,,,,,,,,,,,,,,,,,,52.40671592597274
1662639995000,,,,,,,,,,,,,,,,,,52.639879226358495
1662639996000,,,,,,,,,,,,,,,,,,52.94759462335628
1662639997000,,,,,,,,,,,,,,,,,,53.3336632580927
1662639998000,,,,,,,,,,,,,,,,,,53.80188627169437
1662639999000,,,,,,,,,,,,,,,,,,54.35606480528793
1662640000000,,,,,,,,,,,,,,,,,,55.0
1662640001000,,,,,,,,,,,,,,,,,,55.72890971238586
1662640002000,,,,,,,,,,,,,,,,,,56.50367866071542
1662640003000,,,,,,,,,,,,,,,,,,57.27660827868728
1662640004000,,,,,,,,,,,,,,,,,,58.0
1662640005000,,,,,,,,,,,,,,,,,,58.63471672118624
1662640006000,,,,,,,,,,,,,,,,,,59.17586719011485
1662640007000,,,,,,,,,,,,,,,,,,59.627121617488804
1662640008000,,,,,,,,,,,,,,,,,,59.99215021401101
1662640009000,,,,,,,,,,,,,,,,,,60.274623190384425
1662640010000,,,,,,,,,,,,,,,,,,60.47821075731198
1662640011000,,,,,,,,,,,,,,,,,,60.60658312549662
1662640012000,,,,,,,,,,,,,,,,,,60.66341050564126
1662640013000,,,,,,,,,,,,,,,,,,60.652363108448874
1662640014000,,,,,,,,,,,,,,,,,,60.577111144622386
1662640015000,,,,,,,,,,,,,,,,,,60.4413248248647
1662640016000,,,,,,,,,,,,,,,,,,60.24867435987881
1662640017000,,,,,,,,,,,,,,,,,,60.002829960367634
1662640018000,,,,,,,,,,,,,,,,,,59.7074618370341
1662640019000,,,,,,,,,,,,,,,,,,59.36624020058115
1662640020000,,,,,,,,,,,,,,,,,,58.98283526171171
1662640021000,,,,,,,,,,,,,,,,,,58.560917231128755
1662640022000,,,,,,,,,,,,,,,,,,58.1041563195352
1662640023000,,,,,,,,,,,,,,,,,,57.616222737633976
1662640024000,,,,,,,,,,,,,,,,,,57.10078669612802
1662640025000,,,,,,,,,,,,,,,,,,56.5615184057203
1662640026000,,,,,,,,,,,,,,,,,,56.00208807711372
1662640027000,,,,,,,,,,,,,,,,,,55.42616592101125
1662640028000,,,,,,,,,,,,,,,,,,54.83742214811578
1662640029000,,,,,,,,,,,,,,,,,,54.2395269691303
1662640030000,,,,,,,,,,,,,,,,,,53.63615059475774
1662640031000,,,,,,,,,,,,,,,,,,53.03096323570101
1662640032000,,,,,,,,,,,,,,,,,,52.42763510266307
1662640033000,,,,,,,,,,,,,,,,,,51.829836406346836
1662640034000,,,,,,,,,,,,,,,,,,51.241237357455276
1662640035000,,,,,,,,,,,,,,,,,,50.665508166691325
1662640036000,,,,,,,,,,,,,,,,,,50.10631904475788
1662640037000,,,,,,,,,,,,,,,,,,49.56734020235795
1662640038000,,,,,,,,,,,,,,,,,,49.05224185019442
1662640039000,,,,,,,,,,,,,,,,,,48.564694198970244
1662640040000,,,,,,,,,,,,,,,,,,48.108367459388354
1662640041000,,,,,,,,,,,,,,,,,,47.68693184215169
1662640042000,,,,,,,,,,,,,,,,,,47.30405755796319
1662640043000,,,,,,,,,,,,,,,,,,46.963414817525816
1662640044000,,,,,,,,,,,,,,,,,,46.66867383154247
1662640045000,,,,,,,,,,,,,,,,,,46.42350481071612
1662640046000,,,,,,,,,,,,,,,,,,46.23157796574967
1662640047000,,,,,,,,,,,,,,,,,,46.0965635073461
1662640048000,,,,,,,,,,,,,,,,,,46.02213164620832
1662640049000,,,,,,,,,,,,,,,,,,46.01195259303926
1662640050000,,,,,,,,,,,,,,,,,,46.06969655854189
1662640051000,,,,,,,,,,,,,,,,,,46.199033753419144
1662640052000,,,,,,,,,,,,,,,,,,46.40363438837393
1662640053000,,,,,,,,,,,,,,,,,,46.68716867410923
1662640054000,,,,,,,,,,,,,,,,,,47.05330682132792
1662640055000,,,,,,,,,,,,,,,,,,47.505719040733
1662640056000,,,,,,,,,,,,,,,,,,48.048075543027394
1662640057000,,,,,,,,,,,,,,,,,,48.684046538914004
1662640058000,,,,,,,,,,,,,,,,,,49.41730223909582
1662640059000,,,,,,,,,,,,,,,,,,50.25151285427573
1662640060000,,,,,,,,,,,,,,,,,,51.190348595156706
1662640061000,,,,,,,,,,,,,,,,,,52.23747967244171
1662640062000,,,,,,,,,,,,,,,,,,53.39657629683359
1662640063000,,,,,,,,,,,,,,,,,,54.67130867903538
1662640064000,,,,,,,,,,,,,,,,,,56.06534702974997
1662640065000,,,,,,,,,,,,,,,,,,57.58236155968031
1662640066000,,,,,,,,,,,,,,,,,,59.22602247952935
1662640067000,,,,,,,,,,,,,,,,,,61.0
1662640068000,,,,,,,,,,,,,,,,,,62.82868528467777
1662640069000,,,,,,,,,,,,,,,,,,64.31935330867834
1662640070000,,,,,,,,,,,,,,,,,,65.0
1662640071000,,,,,,,,,,,,,,,,,,64.55202297416498
1662640072000,,,,,,,,,,,,,,,,,,63.27042659679169
1662640073000,,,,,,,,,,,,,,,,,,61.60361692102255
1662640074000,,,,,,,,,,,,,,,,,,60.0
1662640075000,,,,,,,,,,,,,,,,,,58.8113321848942
1662640076000,,,,,,,,,,,,,,,,,,58.00277101898632
1662640077000,,,,,,,,,,,,,,,,,,57.442824343585286
1662640078000,,,,,,,,,,,,,,,,,,57.0
1662640079000,,,,,,,,,,,,,,,,,,56.56504887482409
1662640080000,,,,,,,,,,,,,,,,,,56.11769403579007
1662640081000,,,,,,,,,,,,,,,,,,55.65990159591514
1662640082000,,,,,,,,,,,,,,,,,,55.193637668216496
1662640083000,,,,,,,,,,,,,,,,,,54.72086836571137
1662640084000,,,,,,,,,,,,,,,,,,54.24355980141696
1662640085000,,,,,,,,,,,,,,,,,,53.763678088350474
1662640086000,,,,,,,,,,,,,,,,,,53.28318933952913
1662640087000,,,,,,,,,,,,,,,,,,52.80405966797012
1662640088000,,,,,,,,,,,,,,,,,,52.32825518669069
1662640089000,,,,,,,,,,,,,,,,,,51.857742008708016
1662640090000,,,,,,,,,,,,,,,,,,51.394486247039325
1662640091000,,,,,,,,,,,,,,,,,,50.940454014701814
1662640092000,,,,,,,,,,,,,,,,,,50.49761142471271
1662640093000,,,,,,,,,,,,,,,,,,50.067924590089206
1662640094000,,,,,,,,,,,,,,,,,,49.65335962384852
1662640095000,,,,,,,,,,,,,,,,,,49.25588263900787
1662640096000,,,,,,,,,,,,,,,,,,48.87745974858446
1662640097000,,,,,,,,,,,,,,,,,,48.52005706559549
1662640098000,,,,,,,,,,,,,,,,,,48.185640703058176
1662640099000,,,,,,,,,,,,,,,,,,47.876176773989734
1662640100000,,,,,,,,,,,,,,,,,,47.59363139140737
1662640101000,,,,,,,,,,,,,,,,,,47.3399706683283
1662640102000,,,,,,,,,,,,,,,,,,47.117160717769714
1662640103000,,,,,,,,,,,,,,,,,,46.92716765274885
1662640104000,,,,,,,,,,,,,,,,,,46.771957586282895
1662640105000,,,,,,,,,,,,,,,,,,46.653496631389075
1662640106000,,,,,,,,,,,,,,,,,,46.57375090108459
1662640107000,,,,,,,,,,,,,,,,,,46.53468650838665
1662640108000,,,,,,,,,,,,,,,,,,46.538269566312465
1662640109000,,,,,,,,,,,,,,,,,,46.58646618787925
1662640110000,,,,,,,,,,,,,,,,,,46.68124248610422
1662640111000,,,,,,,,,,,,,,,,,,46.824564574004576
1662640112000,,,,,,,,,,,,,,,,,,47.01839856459752
1662640113000,,,,,,,,,,,,,,,,,,47.264710570900284
1662640114000,,,,,,,,,,,,,,,,,,47.56546670593005
1662640115000,,,,,,,,,,,,,,,,,,47.92263308270407
1662640116000,,,,,,,,,,,,,,,,,,48.338175814239506
1662640117000,,,,,,,,,,,,,,,,,,48.8140610135536
1662640118000,,,,,,,,,,,,,,,,,,49.35225479366353
1662640119000,,,,,,,,,,,,,,,,,,49.95472326758656
1662640120000,,,,,,,,,,,,,,,,,,50.62343254833985
1662640121000,,,,,,,,,,,,,,,,,,51.36034874894064
1662640122000,,,,,,,,,,,,,,,,,,52.167437982406106
1662640123000,,,,,,,,,,,,,,,,,,53.046666361753495
1662640124000,,,,,,,,,,,,,,,,,,54.0
1662640125000,,,,,,,,,,,,,,,,,,55.01739413615149
1662640126000,,,,,,,,,,,,,,,,,,56.040760513168436
1662640127000,,,,,,,,,,,,,,,,,,57.0
1662640128000,,,,,,,,,,,,,,,,,,57.839500939431
1662640129000,,,,,,,,,,,,,,,,,,58.56160156958903
1662640130000,,,,,,,,,,,,,,,,,,59.183127602437395
1662640131000,,,,,,,,,,,,,,,,,,59.72090474993938
1662640132000,,,,,,,,,,,,,,,,,,60.19175872405829
1662640133000,,,,,,,,,,,,,,,,,,60.612515236757396
1662640134000,,,,,,,,,,,,,,,,,,61.0
1662640135000,,,,,,,,,,,,,,,,,,61.0
1662640136000,,,,,,,,,,,,,,,,,,59.38501790530019
1662640137000,,,,,,,,,,,,,,,,,,57.0
1662640138000,,,,,,,,,,,,,,,,,,55.046473358479204
1662640139000,,,,,,,,,,,,,,,,,,53.708805874932985
1662640140000,,,,,,,,,,,,,,,,,,52.91707564851029
1662640141000,,,,,,,,,,,,,,,,,,52.60136077836014
1662640142000,,,,,,,,,,,,,,,,,,52.6917393636315
1662640143000,,,,,,,,,,,,,,,,,,53.11828950347339
1662640144000,,,,,,,,,,,,,,,,,,53.8110892970348
1662640145000,,,,,,,,,,,,,,,,,,54.700216843464695
1662640146000,,,,,,,,,,,,,,,,,,55.71575024191209
1662640147000,,,,,,,,,,,,,,,,,,56.78776759152597
1662640148000,,,,,,,,,,,,,,,,,,57.846346991455334
1662640149000,,,,,,,,,,,,,,,,,,58.821566540849155
1662640150000,,,,,,,,,,,,,,,,,,59.64350433885643
1662640151000,,,,,,,,,,,,,,,,,,60.24223848462617
1662640152000,,,,,,,,,,,,,,,,,,60.54784707730734
1662640153000,,,,,,,,,,,,,,,,,,60.490408216048955
1662640154000,,,,,,,,,,,,,,,,,,60.0
1662640155000,,,,,,,,,,,,,,,,,,59.057851311764566
1662640156000,,,,,,,,,,,,,,,,,,57.84979416776719
1662640157000,,,,,,,,,,,,,,,,,,56.612811367887545
1662640158000,,,,,,,,,,,,,,,,,,55.58388571200527
1662640159000,,,,,,,,,,,,,,,,,,55.0
1662640160000,,,,,,,,,,,,,,,,,,55.0
1662640161000,,,,,,,,,,,,,,,,,,55.36898209505531
1662640162000,,,,,,,,,,,,,,,,,,55.94910060417421
1662640163000,,,,,,,,,,,,,,,,,,56.621308588292436
1662640164000,,,,,,,,,,,,,,,,,,57.266559108345675
1662640165000,,,,,,,,,,,,,,,,,,57.76580522526962
1662640166000,,,,,,,,,,,,,,,,,,58.0
1662640167000,,,,,,,,,,,,,,,,,,57.88377517010084
1662640168000,,,,,,,,,,,,,,,,,,57.46647717964944
1662640169000,,,,,,,,,,,,,,,,,,56.83113114935142
1662640170000,,,,,,,,,,,,,,,,,,56.06076219991242
1662640171000,,,,,,,,,,,,,,,,,,55.238395452038056
1662640172000,,,,,,,,,,,,,,,,,,54.44705602643396
1662640173000,,,,,,,,,,,,,,,,,,53.76976904380575
1662640174000,,,,,,,,,,,,,,,,,,53.289559624859066
1662640175000,,,,,,,,,,,,,,,,,,53.08945289029951
1662640176000,,,,,,,,,,,,,,,,,,53.25247396083274
1662640177000,,,,,,,,,,,,,,,,,,53.861647957164365
1662640178000,,,,,,,,,,,,,,,,,,55.0
1662640179000,,,,,,,,,,,,,,,,,,56.601012871544555
1662640180000,,,,,,,,,,,,,,,,,,58.0
1662640181000,,,,,,,,,,,,,,,,,,58.56005376209768
1662640182000,,,,,,,,,,,,,,,,,,58.35355168268938
1662640183000,,,,,,,,,,,,,,,,,,57.630192573656984
1662640184000,,,,,,,,,,,,,,,,,,56.639675246882405
1662640185000,,,,,,,,,,,,,,,,,,55.63169851424753
1662640186000,,,,,,,,,,,,,,,,,,54.85596118763423
1662640187000,,,,,,,,,,,,,,,,,,54.56216207892443
1662640188000,,,,,,,,,,,,,,,,,,55.0
1662640189000,,,,,,,,,,,,,,,,,,56.28550099036349
1662640190000,,,,,,,,,,,,,,,,,,58.0
1662640191000,,,,,,,,,,,,,,,,,,59.683791731888014
1662640192000,,,,,,,,,,,,,,,,,,61.24770099049689
1662640193000,,,,,,,,,,,,,,,,,,62.69518510566871
1662640194000,,,,,,,,,,,,,,,,,,64.02970140724554
1662640195000,,,,,,,,,,,,,,,,,,65.25470722506948
1662640196000,,,,,,,,,,,,,,,,,,66.3736598889826
1662640197000,,,,,,,,,,,,,,,,,,67.39001672882696
1662640198000,,,,,,,,,,,,,,,,,,68.30723507444469
1662640199000,,,,,,,,,,,,,,,,,,69.12877225567783
1662640200000,,,,,,,,,,,,,,,,,,69.85808560236846
1662640201000,,,,,,,,,,,,,,,,,,70.49863244435866
1662640202000,,,,,,,,,,,,,,,,,,71.05387011149055
1662640203000,,,,,,,,,,,,,,,,,,71.52725593360616
1662640204000,,,,,,,,,,,,,,,,,,71.92224724054758
1662640205000,,,,,,,,,,,,,,,,,,72.2423013621569
1662640206000,,,,,,,,,,,,,,,,,,72.49087562827619
1662640207000,,,,,,,,,,,,,,,,,,72.67142736874754
1662640208000,,,,,,,,,,,,,,,,,,72.78741391341305
1662640209000,,,,,,,,,,,,,,,,,,72.84229259211476
1662640210000,,,,,,,,,,,,,,,,,,72.83952073469474
1662640211000,,,,,,,,,,,,,,,,,,72.78255567099512
1662640212000,,,,,,,,,,,,,,,,,,72.67485473085797
1662640213000,,,,,,,,,,,,,,,,,,72.51987524412532
1662640214000,,,,,,,,,,,,,,,,,,72.32107454063932
1662640215000,,,,,,,,,,,,,,,,,,72.08190995024201
1662640216000,,,,,,,,,,,,,,,,,,71.80583880277544
1662640217000,,,,,,,,,,,,,,,,,,71.49631842808174
1662640218000,,,,,,,,,,,,,,,,,,71.156806156003
1662640219000,,,,,,,,,,,,,,,,,,70.79075931638125
1662640220000,,,,,,,,,,,,,,,,,,70.40163523905858
1662640221000,,,,,,,,,,,,,,,,,,69.9928912538771
1662640222000,,,,,,,,,,,,,,,,,,69.56798469067888
1662640223000,,,,,,,,,,,,,,,,,,69.13037287930598
1662640224000,,,,,,,,,,,,,,,,,,68.68351314960049
1662640225000,,,,,,,,,,,,,,,,,,68.2308628314045
1662640226000,,,,,,,,,,,,,,,,,,67.77587925456007
1662640227000,,,,,,,,,,,,,,,,,,67.3220197489093
1662640228000,,,,,,,,,,,,,,,,,,66.87274164429428
1662640229000,,,,,,,,,,,,,,,,,,66.43150227055702
1662640230000,,,,,,,,,,,,,,,,,,66.00175895753969
1662640231000,,,,,,,,,,,,,,,,,,65.58696903508434
1662640232000,,,,,,,,,,,,,,,,,,65.19058983303299
1662640233000,,,,,,,,,,,,,,,,,,64.8160786812278
1662640234000,,,,,,,,,,,,,,,,,,64.46689290951082
1662640235000,,,,,,,,,,,,,,,,,,64.14648984772413
1662640236000,,,,,,,,,,,,,,,,,,63.858326825709774
1662640237000,,,,,,,,,,,,,,,,,,63.605861173309926
1662640238000,,,,,,,,,,,,,,,,,,63.39255022036656
1662640239000,,,,,,,,,,,,,,,,,,63.221851296721795
1662640240000,,,,,,,,,,,,,,,,,,63.09722173221776
1662640241000,,,,,,,,,,,,,,,,,,63.02211885669648
1662640242000,,,,,,,,,,,,,,,,,,63.0
1662640243000,,,,,,,,,,,,,,,,,,63.0
1662640244000,,,,,,,,,,,,,,,,,,62.89019627037042
1662640245000,,,,,,,,,,,,,,,,,,62.64927390755192
1662640246000,,,,,,,,,,,,,,,,,,62.2921505516695
1662640247000,,,,,,,,,,,,,,,,,,61.83374384284813
1662640248000,,,,,,,,,,,,,,,,,,61.288971421212764
1662640249000,,,,,,,,,,,,,,,,,,60.6727509268884
1662640250000,,,,,,,,,,,,,,,,,,60.0
1662640251000,,,,,,,,,,,,,,,,,,59.29115303042077
1662640252000,,,,,,,,,,,,,,,,,,58.588711407016824
1662640253000,,,,,,,,,,,,,,,,,,57.940693268402484
1662640254000,,,,,,,,,,,,,,,,,,57.3951167531921
1662640255000,,,,,,,,,,,,,,,,,,57.0
1662640256000,,,,,,,,,,,,,,,,,,56.79141417837362
1662640257000,,,,,,,,,,,,,,,,,,56.757642581592776
1662640258000,,,,,,,,,,,,,,,,,,56.875021533870395
1662640259000,,,,,,,,,,,,,,,,,,57.11988735941937
1662640260000,,,,,,,,,,,,,,,,,,57.46857638245263
1662640261000,,,,,,,,,,,,,,,,,,57.89742492718308
1662640262000,,,,,,,,,,,,,,,,,,58.38276931782365
1662640263000,,,,,,,,,,,,,,,,,,58.90094587858724
1662640264000,,,,,,,,,,,,,,,,,,59.428290933686775
1662640265000,,,,,,,,,,,,,,,,,,59.94114080733516
1662640266000,,,,,,,,,,,,,,,,,,60.41583182374532
1662640267000,,,,,,,,,,,,,,,,,,60.82870030713015
1662640268000,,,,,,,,,,,,,,,,,,61.1560825817026
1662640269000,,,,,,,,,,,,,,,,,,61.374314971675545
1662640270000,,,,,,,,,,,,,,,,,,61.45973380126191
1662640271000,,,,,,,,,,,,,,,,,,61.388675394674635
1662640272000,,,,,,,,,,,,,,,,,,61.13747607612662
1662640273000,,,,,,,,,,,,,,,,,,60.682472169830774
1662640274000,,,,,,,,,,,,,,,,,,60.0
1662640275000,,,,,,,,,,,,,,,,,,59.09561679848505
1662640276000,,,,,,,,,,,,,,,,,,58.091763427687816
1662640277000,,,,,,,,,,,,,,,,,,57.140101657648074
1662640278000,,,,,,,,,,,,,,,,,,56.392293258405566
1662640279000,,,,,,,,,,,,,,,,,,56.0
1662640280000,,,,,,,,,,,,,,,,,,56.070235973940555
1662640281000,,,,,,,,,,,,,,,,,,56.53142455761411
1662640282000,,,,,,,,,,,,,,,,,,57.26734144987692
1662640283000,,,,,,,,,,,,,,,,,,58.16176234958529
1662640284000,,,,,,,,,,,,,,,,,,59.0984629555955
1662640285000,,,,,,,,,,,,,,,,,,59.96121896676383
1662640286000,,,,,,,,,,,,,,,,,,60.633806081946574
1662640287000,,,,,,,,,,,,,,,,,,61.0
1662640288000,,,,,,,,,,,,,,,,,,61.0
1662640289000,,,,,,,,,,,,,,,,,,60.764164971244895
1662640290000,,,,,,,,,,,,,,,,,,60.33713854062898
1662640291000,,,,,,,,,,,,,,,,,,59.72802962439061
1662640292000,,,,,,,,,,,,,,,,,,58.945947138768155
1662640293000,,,,,,,,,,,,,,,,,,58.0
1662640294000,,,,,,,,,,,,,,,,,,56.9206246300621
1662640295000,,,,,,,,,,,,,,,,,,55.82356747388079
1662640296000,,,,,,,,,,,,,,,,,,54.84590248211999
1662640297000,,,,,,,,,,,,,,,,,,54.12470360544364
1662640298000,,,,,,,,,,,,,,,,,,53.79704479451567
1662640299000,,,,,,,,,,,,,,,,,,54.0
1662640300000,,,,,,,,,,,,,,,,,,54.78447057618581
1662640301000,,,,,,,,,,,,,,,,,,55.856667491863284
1662640302000,,,,,,,,,,,,,,,,,,56.836629119447856
1662640303000,,,,,,,,,,,,,,,,,,57.34439383135495
1662640304000,,,,,,,,,,,,,,,,,,57.0
1662640305000,,,,,,,,,,,,,,,,,,55.64412472315272
1662640306000,,,,,,,,,,,,,,,,,,54.0
1662640307000,,,,,,,,,,,,,,,,,,52.84144124375628
1662640308000,,,,,,,,,,,,,,,,,,52.262042622329155
1662640309000,,,,,,,,,,,,,,,,,,52.185342992299546
1662640310000,,,,,,,,,,,,,,,,,,52.53488121024835
1662640311000,,,,,,,,,,,,,,,,,,53.23419613275646
1662640312000,,,,,,,,,,,,,,,,,,54.20682661640478
1662640313000,,,,,,,,,,,,,,,,,,55.37631151777421
1662640314000,,,,,,,,,,,,,,,,,,56.66618969344565
1662640315000,,,,,,,,,,,,,,,,,,58.0
1662640316000,,,,,,,,,,,,,,,,,,59.308769897732375
1662640317000,,,,,,,,,,,,,,,,,,60.553481261794786
1662640318000,,,,,,,,,,,,,,,,,,61.70260457105343
1662640319000,,,,,,,,,,,,,,,,,,62.72461030437452
1662640320000,,,,,,,,,,,,,,,,,,63.587968940624286
1662640321000,,,,,,,,,,,,,,,,,,64.26115095866892
1662640322000,,,,,,,,,,,,,,,,,,64.71262683737466
1662640323000,,,,,,,,,,,,,,,,,,64.91086705560768
1662640324000,,,,,,,,,,,,,,,,,,64.82434209223428
1662640325000,,,,,,,,,,,,,,,,,,64.42152242612056
1662640326000,,,,,,,,,,,,,,,,,,63.67087853613281
1662640327000,,,,,,,,,,,,,,,,,,62.540880901137214
1662640328000,,,,,,,,,,,,,,,,,,61.0
1662640329000,,,,,,,,,,,,,,,,,,59.19677252224168
1662640330000,,,,,,,,,,,,,,,,,,58.0
1662640331000,,,,,,,,,,,,,,,,,,58.174793173619065
1662640332000,,,,,,,,,,,,,,,,,,59.35123477365125
1662640333000,,,,,,,,,,,,,,,,,,60.87565052820099
1662640334000,,,,,,,,,,,,,,,,,,62.09436616537274
1662640335000,,,,,,,,,,,,,,,,,,62.35370741327093
1662640336000,,,,,,,,,,,,,,,,,,61.0
1662640337000,,,,,,,,,,,,,,,,,,58.0
1662640338000,,,,,,,,,,,,,,,,,,55.278694917025994
1662640339000,,,,,,,,,,,,,,,,,,53.28754277705895
1662640340000,,,,,,,,,,,,,,,,,,51.954511650052424
1662640341000,,,,,,,,,,,,,,,,,,51.20756960596
1662640342000,,,,,,,,,,,,,,,,,,50.97468471473518
1662640343000,,,,,,,,,,,,,,,,,,51.18382504633156
1662640344000,,,,,,,,,,,,,,,,,,51.76295867070267
1662640345000,,,,,,,,,,,,,,,,,,52.640053657802085
1662640346000,,,,,,,,,,,,,,,,,,53.74307807758334
1662640347000,,,,,,,,,,,,,,,,,,55.0
1662640348000,,,,,,,,,,,,,,,,,,56.377861415936394
1662640349000,,,,,,,,,,,,,,,,,,58.0
1662640350000,,,,,,,,,,,,,,,,,,59.950482965896335
1662640351000,,,,,,,,,,,,,,,,,,62.0
1662640352000,,,,,,,,,,,,,,,,,,63.85325905289088
1662640353000,,,,,,,,,,,,,,,,,,65.2644186593009
1662640354000,,,,,,,,,,,,,,,,,,66.0
1662640355000,,,,,,,,,,,,,,,,,,65.90354446339987
1662640356000,,,,,,,,,,,,,,,,,,65.12667426847925
1662640357000,,,,,,,,,,,,,,,,,,63.89803184185872
1662640358000,,,,,,,,,,,,,,,,,,62.446259610158776
1662640359000,,,,,,,,,,,,,,,,,,61.0
1662640360000,,,,,,,,,,,,,,,,,,59.747507373487416
1662640361000,,,,,,,,,,,,,,,,,,58.71548383466414
1662640362000,,,,,,,,,,,,,,,,,,57.89024342305778
1662640363000,,,,,,,,,,,,,,,,,,57.25810017819595
1662640364000,,,,,,,,,,,,,,,,,,56.80536813960628
1662640365000,,,,,,,,,,,,,,,,,,56.51836134681636
1662640366000,,,,,,,,,,,,,,,,,,56.38339383935382
1662640367000,,,,,,,,,,,,,,,,,,56.38677965674628
1662640368000,,,,,,,,,,,,,,,,,,56.51483283852134
1662640369000,,,,,,,,,,,,,,,,,,56.75386742420664
1662640370000,,,,,,,,,,,,,,,,,,57.09019745332976
1662640371000,,,,,,,,,,,,,,,,,,57.51013696541834
1662640372000,,,,,,,,,,,,,,,,,,58.0
1662640373000,,,,,,,,,,,,,,,,,,58.54416153320101
1662640374000,,,,,,,,,,,,,,,,,,59.11924028754237
1662640375000,,,,,,,,,,,,,,,,,,59.69991592214373
1662640376000,,,,,,,,,,,,,,,,,,60.26086809612475
1662640377000,,,,,,,,,,,,,,,,,,60.77677646860511
1662640378000,,,,,,,,,,,,,,,,,,61.22232069870443
1662640379000,,,,,,,,,,,,,,,,,,61.57218044554241
1662640380000,,,,,,,,,,,,,,,,,,61.801035368238686
1662640381000,,,,,,,,,,,,,,,,,,61.88356512591293
1662640382000,,,,,,,,,,,,,,,,,,61.794449377684785
1662640383000,,,,,,,,,,,,,,,,,,61.50836778267392
1662640384000,,,,,,,,,,,,,,,,,,61.0
1662640385000,,,,,,,,,,,,,,,,,,60.2741244380557
1662640386000,,,,,,,,,,,,,,,,,,59.45591450232577
1662640387000,,,,,,,,,,,,,,,,,,58.700642347568
1662640388000,,,,,,,,,,,,,,,,,,58.16358012854015
1662640389000,,,,,,,,,,,,,,,,,,58.0
1662640390000,,,,,,,,,,,,,,,,,,58.30742326765623
1662640391000,,,,,,,,,,,,,,,,,,58.95236784102115
1662640392000,,,,,,,,,,,,,,,,,,59.74360078055794
1662640393000,,,,,,,,,,,,,,,,,,60.48988914672982
1662640394000,,,,,,,,,,,,,,,,,,61.0
1662640395000,,,,,,,,,,,,,,,,,,61.12255274928248
1662640396000,,,,,,,,,,,,,,,,,,60.86557619729454
1662640397000,,,,,,,,,,,,,,,,,,60.27695149520424
1662640398000,,,,,,,,,,,,,,,,,,59.40455979417966
1662640399000,,,,,,,,,,,,,,,,,,58.296282245388895
1662640400000,,,,,,,,,,,,,,,,,,57.0
1662640401000,,,,,,,,,,,,,,,,,,55.6121497236213
1662640402000,,,,,,,,,,,,,,,,,,54.42339013962207
1662640403000,,,,,,,,,,,,,,,,,,53.7729354858118
1662640404000,,,,,,,,,,,,,,,,,,54.0
1662640405000,,,,,,,,,,,,,,,,,,55.26335498454495
1662640406000,,,,,,,,,,,,,,,,,,57.0
1662640407000,,,,,,,,,,,,,,,,,,58.59325659941818
1662640408000,,,,,,,,,,,,,,,,,,59.93350604765605
1662640409000,,,,,,,,,,,,,,,,,,61.03789453752106
1662640410000,,,,,,,,,,,,,,,,,,61.92356826182068
1662640411000,,,,,,,,,,,,,,,,,,62.60767341336234
1662640412000,,,,,,,,,,,,,,,,,,63.10735618495351
1662640413000,,,,,,,,,,,,,,,,,,63.439762769401646
1662640414000,,,,,,,,,,,,,,,,,,63.62203935951418
1662640415000,,,,,,,,,,,,,,,,,,63.67133214809859
1662640416000,,,,,,,,,,,,,,,,,,63.60478732796232
1662640417000,,,,,,,,,,,,,,,,,,63.43955109191282
1662640418000,,,,,,,,,,,,,,,,,,63.19276963275753
1662640419000,,,,,,,,,,,,,,,,,,62.881589143303934
1662640420000,,,,,,,,,,,,,,,,,,62.52315581635946
1662640421000,,,,,,,,,,,,,,,,,,62.134615844731584
1662640422000,,,,,,,,,,,,,,,,,,61.733115421227744
1662640423000,,,,,,,,,,,,,,,,,,61.335800738655394
1662640424000,,,,,,,,,,,,,,,,,,60.959817989821985
1662640425000,,,,,,,,,,,,,,,,,,60.62231336753497
1662640426000,,,,,,,,,,,,,,,,,,60.340433064601825
1662640427000,,,,,,,,,,,,,,,,,,60.13132327382996
1662640428000,,,,,,,,,,,,,,,,,,60.01213018802689
1662640429000,,,,,,,,,,,,,,,,,,60.0
1662640430000,,,,,,,,,,,,,,,,,,60.2001252762786
1662640431000,,,,,,,,,,,,,,,,,,61.06988407827923
1662640432000,,,,,,,,,,,,,,,,,,63.15470084114024
1662640433000,,,,,,,,,,,,,,,,,,67.0
1662640434000,,,,,,,,,,,,,,,,,,72.0
1662640435000,,,,,,,,,,,,,,,,,,74.63528601703928
1662640436000,,,,,,,,,,,,,,,,,,77.0
1662640437000,,,,,,,,,,,,,,,,,,81.0
1662640438000,,,,,,,,,,,,,,,,,,82.82596793275353
1662640439000,,,,,,,,,,,,,,,,,,84.0
1662640440000,,,,,,,,,,,,,,,,,,87.01047334467944
1662640441000,,,,,,,,,,,,,,,,,,91.0
1662640442000,,,,,,,,,,,,,,,,,,94.56514425480935
1662640443000,,,,,,,,,,,,,,,,,,97.46404453024532
1662640444000,,,,,,,,,,,,,,,,,,99.7452327805182
1662640445000,,,,,,,,,,,,,,,,,,101.45724095983833
1662640446000,,,,,,,,,,,,,,,,,,102.64860102241607
1662640447000,,,,,,,,,,,,,,,,,,103.36784492246173
1662640448000,,,,,,,,,,,,,,,,,,103.66350461418561
1662640449000,,,,,,,,,,,,,,,,,,103.58411205179807
1662640450000,,,,,,,,,,,,,,,,,,103.17819918950941
1662640451000,,,,,,,,,,,,,,,,,,102.49429798153001
1662640452000,,,,,,,,,,,,,,,,,,101.58094038207014
1662640453000,,,,,,,,,,,,,,,,,,100.48665834534017
1662640454000,,,,,,,,,,,,,,,,,,99.25998382555039
1662640455000,,,,,,,,,,,,,,,,,,97.94944877691117
1662640456000,,,,,,,,,,,,,,,,,,96.6035851536328
1662640457000,,,,,,,,,,,,,,,,,,95.27092490992564
1662640458000,,,,,,,,,,,,,,,,,,94.0
1662640459000,,,,,,,,,,,,,,,,,,92.83059572324495
1662640460000,,,,,,,,,,,,,,,,,,91.7675107597644
1662640461000,,,,,,,,,,,,,,,,,,90.8067971348411
1662640462000,,,,,,,,,,,,,,,,,,89.94450687375767
1662640463000,,,,,,,,,,,,,,,,,,89.17669200179682
1662640464000,,,,,,,,,,,,,,,,,,88.49940454424123
1662640465000,,,,,,,,,,,,,,,,,,87.90869652637359
1662640466000,,,,,,,,,,,,,,,,,,87.40061997347655
1662640467000,,,,,,,,,,,,,,,,,,86.97122691083283
1662640468000,,,,,,,,,,,,,,,,,,86.61656936372508
1662640469000,,,,,,,,,,,,,,,,,,86.33269935743597
1662640470000,,,,,,,,,,,,,,,,,,86.11566891724823
1662640471000,,,,,,,,,,,,,,,,,,85.96153006844449
1662640472000,,,,,,,,,,,,,,,,,,85.86633483630747
1662640473000,,,,,,,,,,,,,,,,,,85.82613524611982
1662640474000,,,,,,,,,,,,,,,,,,85.83698332316425
1662640475000,,,,,,,,,,,,,,,,,,85.89493109272341
1662640476000,,,,,,,,,,,,,,,,,,85.99603058008
1662640477000,,,,,,,,,,,,,,,,,,86.13633381051672
1662640478000,,,,,,,,,,,,,,,,,,86.3118928093162
1662640479000,,,,,,,,,,,,,,,,,,86.51875960176118
1662640480000,,,,,,,,,,,,,,,,,,86.75298621313428
1662640481000,,,,,,,,,,,,,,,,,,87.01062466871822
1662640482000,,,,,,,,,,,,,,,,,,87.28772699379567
1662640483000,,,,,,,,,,,,,,,,,,87.58034521364932
1662640484000,,,,,,,,,,,,,,,,,,87.88453135356184
1662640485000,,,,,,,,,,,,,,,,,,88.19633743881592
1662640486000,,,,,,,,,,,,,,,,,,88.51181549469423
1662640487000,,,,,,,,,,,,,,,,,,88.82701754647945
1662640488000,,,,,,,,,,,,,,,,,,89.13799561945426
1662640489000,,,,,,,,,,,,,,,,,,89.44080173890136
1662640490000,,,,,,,,,,,,,,,,,,89.73148793010343
1662640491000,,,,,,,,,,,,,,,,,,90.00610621834312
1662640492000,,,,,,,,,,,,,,,,,,90.26070862890313
1662640493000,,,,,,,,,,,,,,,,,,90.49134718706617
1662640494000,,,,,,,,,,,,,,,,,,90.69407391811484
1662640495000,,,,,,,,,,,,,,,,,,90.86494084733192
1662640496000,,,,,,,,,,,,,,,,,,91.0
1662640497000,,,,,,,,,,,,,,,,,,91.09530340140184
1662640498000,,,,,,,,,,,,,,,,,,91.14690307682005
1662640499000,,,,,,,,,,,,,,,,,,91.15085105153739
1662640500000,,,,,,,,,,,,,,,,,,91.10319935083648
